date,time,DsWrocWybCon,LdLodzGdansk,MpKrakAlKras,MzWarMarszal,PdBialWaszyn,PmGdaLeczk08,SlKatoKossut,WmOlsPuszkin,WpPoznPolank,ZpSzczAndr01
160101,08:00,64.7542,70.0,224.785,35.4392,33.0,30.2119,107.071,32.585,93.6863,32.386
160101,16:00,82.954,89.0,131.913,28.7576,9.0,18.5756,111.278,25.3703,,62.3412
160102,00:00,75.5341,24.0,49.7087,19.3616,7.0,11.9531,76.354,16.8978,86.2161,68.687
160102,08:00,29.1537,10.0,38.5454,19.988,22.0,6.0648,38.8847,14.8588,42.4,39.807
160102,16:00,35.8947,32.0,49.6556,30.428,13.0,7.99583,45.9944,19.5162,21.0984,22.259
160103,00:00,40.772,27.0,39.9977,36.692,23.0,11.8911,43.1921,33.1296,28.7,22.1598
160103,08:00,,29.0,36.1739,40.5548,19.0,13.5375,,39.3551,27.7763,27.5042
160103,16:00,,49.0,57.9194,61.5392,37.0,15.0308,,44.3451,29.9,28.1897
160104,00:00,61.3832,43.0,69.6246,65.2976,,23.1183,,51.3044,45.396,46.1561
160104,08:00,68.4922,35.0,75.4133,52.1432,,25.9744,,,45.011,40.3057
160104,16:00,111.717,,83.8172,72.3968,20.0,17.3431,129.135,,55.6587,38.6658
160105,00:00,111.458,,93.5226,78.6608,48.0,22.8608,151.356,,71.3337,50.1031
160105,08:00,71.0439,,96.8985,66.7592,36.0,23.5651,109.19,,74.0377,56.023
160105,16:00,74.9065,,127.34,81.062,36.0,38.4214,89.4734,,85.1877,46.9179
160106,00:00,108.646,109.0,120.456,117.08,53.0,47.2761,202.308,,86.4417,78.8042
160106,08:00,110.615,93.0,105.865,73.232,37.0,42.5869,142.606,,87.9097,89.8423
160106,16:00,123.467,128.0,113.998,80.2268,49.0,48.7167,138.754,,105.925,63.0732
160107,00:00,167.068,95.0,106.858,60.5996,43.0,28.6331,231.623,,97.245,115.576
160107,08:00,113.28,72.0,96.399,48.9068,52.0,15.4714,213.19,,66.5823,83.5861
160107,16:00,138.688,81.0,102.354,66.6548,48.0,16.68,173.358,,82.4117,56.4542
160108,00:00,163.627,56.0,69.3493,95.8868,42.0,32.1997,39.0,,83.52,92.4209
160108,08:00,61.3369,39.0,67.0829,59.0336,43.0,23.2261,65.3316,,,89.6299
160108,16:00,22.0314,65.0,31.1675,63.314,45.0,33.3628,25.9196,53.7409,43.48,1.1784
160109,00:00,29.5943,21.0,89.1737,29.5928,60.0,57.8167,24.7033,75.198,16.9583,20.0328
160109,08:00,40.2812,6.0,96.8859,29.6972,28.0,1.94528,63.324,18.4536,15.8,30.0419
160109,16:00,99.5311,95.0,83.993,33.038,31.0,21.9853,45.1462,30.7513,23.834,17.8472
160110,00:00,128.728,55.0,90.5886,89.7272,41.0,47.7708,,49.7841,38.0457,35.406
160110,08:00,,50.0,66.7311,57.9896,29.0,10.6628,,28.8623,49.6977,39.8602
160110,16:00,90.4256,55.0,70.986,45.6704,23.0,18.2628,,29.4145,78.6,63.1263
160111,00:00,,40.0,76.235,30.6368,15.0,20.7222,,20.6008,118.053,46.521
160111,08:00,32.8862,,70.6924,36.0656,18.0,23.8458,,21.2355,96.8983,43.8285
160111,16:00,61.1546,109.0,117.292,61.9568,11.0,28.0753,187.75,30.2267,97.116,25.3474
160112,00:00,54.7941,132.0,139.377,82.9412,,47.45,78.3345,26.3662,95.6247,28.6604
160112,08:00,34.2912,44.0,18.0087,54.7532,17.0,6.00667,22.4145,16.1642,60.7253,36.2696
160112,16:00,18.1054,28.0,14.1518,35.8568,29.0,13.926,22.7405,22.2719,44.2642,31.9306
160113,00:00,21.8842,45.0,39.405,34.9172,23.0,19.3531,35.222,27.0736,79.8033,21.0317
160113,08:00,17.8839,15.0,25.5405,39.4064,35.0,16.7269,24.0948,27.212,28.7,14.0543
160113,16:00,12.7083,40.0,20.9556,34.4996,45.0,8.99139,16.4622,9.09236,27.5951,14.9529
160114,00:00,11.4906,16.0,30.7934,24.0596,11.0,5.81639,23.0,15.5012,13.9068,12.2284
160114,08:00,22.9157,9.0,20.147,13.202,9.0,7.62278,17.8917,7.28039,12.4686,11.7696
160114,16:00,14.616,64.0,44.375,34.3952,11.0,18.264,28.4755,19.7696,29.3342,10.5283
160115,00:00,69.8424,60.0,86.305,58.9292,38.0,37.6403,59.2821,38.2905,60.0261,26.0731
160115,08:00,51.4247,48.0,61.419,61.226,56.0,17.6375,58.63,44.8493,60.454,31.7013
160115,16:00,37.772,,42.1977,69.9956,41.0,41.4117,21.0184,40.584,77.4175,40.1083
160116,00:00,33.4548,42.0,54.014,54.2312,40.0,9.18444,63.3116,37.6024,,36.4365
160116,08:00,19.0792,24.0,25.2095,36.7964,18.0,7.57889,29.0356,21.197,31.4515,21.1504
160116,16:00,,40.0,31.842,22.9112,30.0,14.5881,36.802,32.2067,22.3,13.9864
160117,00:00,28.8747,56.0,91.3077,91.1888,70.0,25.2103,136.921,73.2377,49.2183,36.8874
160117,08:00,72.5347,32.0,31.5214,90.458,52.0,12.3044,75.1494,28.4792,30.9,54.0843
160117,16:00,16.5123,50.0,29.2685,100.0628,40.0,9.86167,43.2058,30.9285,29.38,
160118,00:00,77.8012,53.0,73.5021,70.5176,63.0,17.6061,77.9249,32.7223,60.685,16.9568
160118,08:00,45.574,59.0,101.505,57.8852,67.0,12.4747,56.2641,42.8303,38.5,
160118,16:00,25.1223,78.0,49.3615,84.5072,46.0,9.41944,43.2225,31.5854,16.9269,15.0427
160119,00:00,70.1936,59.0,134.424,99.2276,100.0,16.4294,64.4235,42.4619,69.2182,16.6744
160119,08:00,172.975,56.0,49.806,,,10.9125,81.4444,36.5243,106.185,17.8195
160119,16:00,47.8288,73.0,91.5003,62.1656,44.0,7.82056,66.9398,55.4767,75.8587,10.8304
160120,00:00,68.9982,141.0,90.1872,66.968,65.0,17.0172,175.127,49.7811,65.7101,19.971
160120,08:00,42.2439,,137.438,79.8092,64.0,20.5028,50.6378,67.9755,43.3657,28.5529
160120,16:00,34.3952,69.0,45.3433,80.8532,56.0,13.4306,49.1466,172.852,48.2759,8.92896
160121,00:00,59.7798,46.0,69.0259,67.9076,76.0,9.1025,80.428,10.8573,36.2478,10.3526
160121,08:00,19.2247,24.0,66.9151,17.2736,68.0,12.1953,37.5668,42.5701,12.3,12.6474
160121,16:00,22.6717,28.0,41.0924,35.4392,59.0,13.87,36.1919,39.4086,10.6802,4.05457
160122,00:00,33.0602,34.0,32.3757,40.6592,48.0,11.0169,47.0282,86.4518,21.069,19.0565
160122,08:00,,21.0,61.0606,30.3236,59.0,9.02194,63.8438,14.0088,22.8222,39.7888
160122,16:00,30.5232,46.0,84.0112,31.994,75.0,27.3817,82.8043,20.1765,44.4347,18.9164
160123,00:00,92.5312,73.0,226.881,64.2536,47.0,34.0025,149.68,56.2315,86.7253,33.0552
160123,08:00,62.8047,,208.786,84.9248,49.0,40.82,122.004,91.5311,90.8,40.1084
160123,16:00,43.0988,,190.143,62.6876,24.0,55.3233,56.6697,47.5931,73.7953,44.8426
160124,00:00,36.6474,,157.291,95.2604,63.0,67.9719,49.7717,80.8301,90.2399,44.2204
160124,08:00,14.3668,,49.7337,111.9644,38.0,32.37,53.2127,103.37,,7.30379
160124,16:00,26.8006,,73.7926,72.9188,97.0,5.20167,55.9948,85.6737,27.1987,17.272
160125,00:00,60.8438,,82.0572,30.0104,76.0,5.78778,71.6394,10.9564,52.0,18.8981
160125,08:00,19.7297,,84.9215,32.516,19.0,18.2983,20.162,26.4919,25.3,6.99584
160125,16:00,27.7319,44.0,27.587,33.038,35.0,20.1089,29.6221,49.6485,17.4712,11.0097
160126,00:00,22.3667,47.0,49.9055,52.4564,29.0,45.5089,90.4657,41.6912,31.607,7.71038
160126,08:00,21.2415,34.0,52.1423,28.862,21.0,9.76222,22.6817,17.6945,14.3959,13.6836
160126,16:00,29.7253,25.0,46.0782,34.8128,23.0,6.295,44.0533,24.1865,24.7215,10.4182
160127,00:00,25.4468,36.0,94.2408,45.8792,45.0,13.0611,17.3691,27.9151,40.4873,15.6583
160127,08:00,24.9411,23.0,78.5877,32.7248,34.0,5.22889,22.8077,27.7854,20.3,6.68858
160127,16:00,14.1974,40.0,34.8874,23.4332,23.0,6.88444,24.5448,19.6432,16.3413,6.16295
160128,00:00,11.0192,22.0,64.0125,22.598,34.0,2.73278,18.8978,17.8063,20.7479,4.89815
160128,08:00,18.5748,10.0,25.4651,13.3064,25.0,3.41639,11.2773,12.935,10.5099,6.92647
160128,16:00,11.3132,4.0,9.6183,7.7732,8.0,6.28806,17.4974,8.6834,11.0641,3.05968
160129,00:00,21.9793,37.0,75.9437,16.1252,,8.6,42.8321,8.88227,24.1,5.03389
160129,08:00,32.9807,28.0,99.6381,26.9828,1.0,8.48778,108.795,14.9896,20.7823,11.413
160129,16:00,23.6881,32.0,26.8481,20.1968,6.0,16.7008,23.4093,16.0525,15.7076,8.30545
160130,00:00,13.9887,15.0,73.8506,20.7188,32.0,10.0675,17.4236,16.1343,12.3406,4.23693
160130,08:00,11.0664,1.0,32.1844,11.3228,34.0,6.31972,11.2873,9.22037,4.09992,2.81454
160130,16:00,9.75568,28.0,15.3538,21.2408,11.0,5.79972,14.8988,12.6265,6.685,4.70204
160131,00:00,10.8721,24.0,18.4721,23.3288,25.0,4.09472,33.6754,11.0239,5.15358,11.7903
160131,08:00,9.56724,3.0,3.21703,7.3556,6.0,6.48806,5.37931,6.90269,7.22658,4.13328
160131,16:00,12.707,13.0,14.7193,13.724,18.0,8.47611,10.9922,7.79545,,6.28081
160201,00:00,17.2654,12.0,32.758,12.5756,17.0,6.66528,16.2364,10.7285,12.1981,7.16488
160201,08:00,14.2337,14.0,25.33,16.2296,19.0,5.84278,13.6532,5.51061,9.5,11.1213
160201,16:00,26.7902,29.0,37.1594,16.856,6.0,6.43,16.7464,11.5201,12.0382,7.26267
160202,00:00,8.34158,11.0,76.3444,22.7024,29.0,5.87417,15.3001,13.895,9.86425,8.16933
160202,08:00,12.546,7.0,12.0018,8.6084,12.0,6.00361,9.17726,6.21029,5.647,10.3933
160202,16:00,10.5184,12.0,14.7919,14.0372,11.0,6.73667,10.2791,10.1917,5.61525,7.33433
160203,00:00,10.3396,2.0,11.6984,6.8336,13.0,4.78861,10.9429,6.54005,8.71025,5.00269
160203,08:00,12.1114,5.0,7.97278,8.0864,12.0,6.86528,12.0732,6.40015,6.46808,4.16403
160203,16:00,13.7008,11.0,15.9889,12.5756,12.0,8.5225,12.8506,9.47163,14.1689,6.76404
160204,00:00,12.67,,41.6919,17.2736,10.0,13.1394,38.658,9.8157,23.5298,7.28289
160204,08:00,6.78955,,21.5933,13.4108,8.0,5.56222,13.4024,9.72711,10.3168,7.29964
160204,16:00,16.0924,11.0,27.9978,13.4108,0.0,8.92167,11.9645,9.49681,12.4353,9.30932
160205,00:00,,20.0,28.1821,24.164,0.0,7.30583,24.2788,9.9235,11.9587,15.0542
160205,08:00,14.8788,13.0,25.3834,21.3452,13.0,11.6058,15.2249,7.38318,12.0705,5.91764
160205,16:00,15.4353,14.0,42.0885,17.7956,14.0,11.7006,17.4821,12.2349,8.67925,11.9603
160206,00:00,24.6906,49.0,74.1278,31.472,12.0,23.2792,24.9225,20.5697,21.1005,13.1129
160206,08:00,18.1504,33.0,71.9299,36.9008,35.0,11.6936,11.5632,31.8736,25.4,19.7226
160206,16:00,16.6999,42.0,33.885,35.5436,23.0,18.9817,16.2866,47.7402,14.0,11.4778
160207,00:00,29.9463,36.0,126.418,42.434,31.0,19.5911,91.3594,47.8087,22.1,11.3571
160207,08:00,25.9556,25.0,24.7106,31.994,30.0,16.3636,66.0119,44.102,23.4,18.7766
160207,16:00,24.6624,38.0,18.0153,23.8508,19.0,17.5589,11.5966,25.6823,15.5531,8.24463
160208,00:00,15.1586,34.0,31.0514,23.7464,36.0,26.21,11.0056,31.0944,35.9193,17.7499
160208,08:00,16.5072,12.0,57.4027,24.3728,22.0,18.46,15.4172,35.5215,22.3889,6.81125
160208,16:00,11.7496,17.0,15.3585,24.4772,23.0,6.18222,14.6648,21.1152,10.2462,7.28755
160209,00:00,10.1555,19.0,14.6362,21.3452,21.0,6.49028,18.7026,24.0318,4.554,3.67902
160209,08:00,10.335,,21.4398,6.1028,16.0,4.1475,,5.13744,5.28178,6.48114
160209,16:00,12.1195,14.0,10.5885,10.3832,5.0,3.9736,8.66228,13.2523,9.70111,5.76264
160210,00:00,8.19556,17.0,7.42946,21.9716,16.0,7.37944,,20.3292,7.53733,6.67445
160210,08:00,6.80213,11.0,17.8214,10.9052,13.0,1.77528,11.3124,17.7904,7.7,4.01984
160210,16:00,12.9181,12.0,15.9093,12.2624,18.0,8.78194,20.3997,6.96792,9.36067,12.9135
160211,00:00,18.0792,16.0,37.3722,12.0536,29.0,23.9003,34.4194,11.3098,93.3298,12.2753
160211,08:00,11.7257,13.0,19.8254,26.8784,9.0,13.7656,17.0892,9.17571,19.0253,10.0429
160211,16:00,9.91779,18.0,15.8037,27.6092,10.0,11.9531,11.9607,33.421,12.7542,13.9223
160212,00:00,25.9766,17.0,41.0152,28.1312,31.0,9.05889,9.95198,,11.8,10.0277
160212,08:00,28.7562,20.0,39.9662,26.8784,33.0,4.83694,25.6073,,18.198,13.6937
160212,16:00,17.8999,31.0,24.4027,22.7024,30.0,6.67194,16.4176,,24.0449,12.4302
160213,00:00,61.9097,,48.8473,16.5428,26.0,17.6636,23.7501,,61.1231,34.2703
160213,08:00,63.7163,,33.8667,25.6256,20.0,18.985,37.4578,,77.2442,21.2059
160213,16:00,55.5887,,42.6234,34.8128,36.0,18.8753,30.4661,,48.9042,53.1604
160214,00:00,66.6171,,105.552,37.3184,11.0,12.7628,106.591,,63.1578,28.6101
160214,08:00,59.308,52.0,89.2215,34.1864,7.0,15.5731,54.7042,,54.4158,42.07
160214,16:00,9.42482,53.0,16.8208,39.1976,17.0,12.6136,11.277,,69.2482,37.7002
160215,00:00,94.282,57.0,32.3839,46.2968,15.0,15.3672,30.8932,,104.625,37.4747
160215,08:00,36.5785,44.0,36.5234,36.17,27.0,12.2414,45.0549,,101.772,34.8453
160215,16:00,20.7715,65.0,41.4925,46.8188,22.0,9.97056,50.8672,,76.898,26.3415
160216,00:00,21.4624,37.0,44.7538,67.1768,14.0,4.6,39.8403,,45.9913,2.19174
160216,08:00,12.3111,4.0,41.4925,14.3504,17.0,5.83167,13.9346,,12.1979,6.84137
160216,16:00,25.2026,14.0,28.6478,11.9492,10.0,4.61111,17.0,,8.56203,23.6328
160217,00:00,55.4514,21.0,30.8586,21.9716,17.0,21.2875,47.5813,,26.6992,87.1325
160217,08:00,33.0727,23.0,31.397,26.9828,16.0,40.9078,14.5338,,21.9618,32.5984
160217,16:00,26.9235,19.0,29.5209,18.422,10.0,6.09417,25.8705,,13.1962,15.8327
160218,00:00,47.1571,19.0,45.5404,19.466,6.0,6.10222,39.2609,,23.1971,27.9495
160218,08:00,58.4065,20.0,39.6305,32.7248,10.0,20.21,77.0863,,41.8768,19.8508
160218,16:00,31.0431,57.0,57.1146,42.0164,16.0,15.9203,103.324,,29.0237,27.396
160219,00:00,44.4383,63.0,66.0574,38.6756,27.0,18.2211,77.3992,,49.5533,47.8713
160219,08:00,34.4955,12.0,40.0708,24.3728,17.0,14.3958,20.0,,43.9,27.915
160219,16:00,32.3259,17.0,46.2609,23.9552,19.0,12.4194,37.3863,,,68.4376
160220,00:00,37.1268,23.0,30.4526,16.6472,21.0,17.6919,40.5356,,45.4934,56.8609
160220,08:00,40.2383,67.0,41.8903,28.4444,16.0,11.4778,40.7292,,41.5,29.7384
160220,16:00,9.03411,,32.0302,39.302,30.0,14.2186,24.9769,,24.7,10.6436
160221,00:00,7.99968,16.0,48.9605,35.4392,43.0,3.14222,13.5977,,7.4,4.91402
160221,08:00,6.81231,3.0,12.8952,,22.0,3.15944,4.77434,,5.7,9.80177
160221,16:00,4.23479,12.0,9.57977,,16.0,4.46167,12.6279,,8.45292,12.8283
160222,00:00,9.6092,10.0,30.8027,,11.0,5.67194,7.94956,,8.6,2.43107
160222,08:00,10.3336,,12.3378,,5.0,7.60528,7.88877,,1.32458,4.812
160222,16:00,10.6565,11.0,9.48137,7.0424,8.0,6.76861,7.12959,,8.81714,8.44936
160223,00:00,13.7635,10.0,25.2873,9.026,5.0,5.72833,20.6478,,8.20022,5.40531
160223,08:00,5.86186,7.0,16.6287,17.7956,9.0,6.135,15.1683,,,9.84204
160223,16:00,12.8548,,16.4581,21.7628,14.0,6.64139,84.2938,,9.07694,2.92394
160224,00:00,19.2206,28.0,72.2532,44.0,27.0,5.295,75.7616,,15.8425,4.8671
160224,08:00,10.576,9.0,40.5109,23.7464,24.0,6.34778,17.8957,,11.9725,6.0338
160224,16:00,8.7854,7.0,17.3861,10.3832,9.0,4.60194,13.0015,,9.09392,7.44896
160225,00:00,31.47,40.0,41.3577,25.3124,7.0,5.4825,28.4043,,23.6,11.9215
160225,08:00,58.1658,37.0,71.2669,27.818,27.0,7.2225,61.8563,,20.9,6.21357
160225,16:00,19.2516,33.0,30.6665,14.6636,12.0,7.70583,28.7879,,19.2125,6.28453
160226,00:00,35.9851,59.0,71.2904,46.2968,21.0,9.06389,54.9224,,64.755,13.2559
160226,08:00,30.1842,46.0,37.974,50.8904,26.0,13.4653,63.4357,,24.44,10.925
160226,16:00,15.4886,35.0,31.1508,36.0656,25.0,8.22806,18.6567,,27.6875,3.6871
160227,00:00,41.4213,66.0,130.546,61.5392,33.0,15.0228,173.61,,47.2075,12.6156
160227,08:00,51.7388,36.0,124.843,73.5452,32.0,12.2928,80.6583,,61.1625,23.8767
160227,16:00,48.7557,19.0,24.7146,38.4668,40.0,15.415,22.3892,,24.6075,10.2839
160228,00:00,40.7646,53.0,68.4341,45.044,50.0,23.5439,58.8335,,32.07,35.6856
160228,08:00,67.5228,45.0,42.7285,36.2744,24.0,23.0594,32.2376,,,37.0127
160228,16:00,34.1451,57.0,47.2121,61.6436,29.0,19.7908,82.3487,,49.8,23.8717
160229,00:00,59.405,57.0,42.4057,67.49,41.0,6.41083,40.9631,,57.5,60.0955
160229,08:00,32.0555,49.0,46.1325,42.5384,33.0,21.8708,56.2959,,40.2,35.3656
160229,16:00,46.0288,40.0,42.5053,35.0216,31.0,8.23,44.7251,,28.7,16.8781
160301,00:00,,14.0,26.75,27.818,13.0,7.44806,19.468,,,31.0475
160301,08:00,25.4983,7.0,12.7279,17.9,19.0,9.76417,12.2778,,19.445,21.6618
160301,16:00,32.0398,20.0,35.6313,28.9664,21.0,9.56083,27.8925,,27.3,20.3313
160302,00:00,36.1288,36.0,45.89,26.774,13.0,26.6619,27.8102,,46.89,31.9209
160302,08:00,43.5242,31.0,39.8211,37.0052,22.0,23.4594,29.5761,,40.5,40.492
160302,16:00,33.263,48.0,26.7778,19.6748,37.0,16.1733,17.3456,,,18.3878
160303,00:00,41.2192,65.0,46.1491,42.0164,38.0,25.7847,27.2642,,40.2,9.23445
160303,08:00,21.5715,,34.7458,31.6808,26.0,27.4017,33.0114,,45.9,24.4689
160303,16:00,19.0906,53.0,53.0565,31.1588,27.0,29.8261,46.2226,,36.9747,11.465
160304,00:00,79.1756,51.0,40.4197,49.0112,16.0,24.8639,63.0199,,35.9477,34.5632
160304,08:00,36.3089,47.0,46.1433,26.0432,16.0,17.9028,32.2313,,64.8,44.2647
160304,16:00,28.5041,53.0,47.7282,20.7188,19.0,5.26222,53.4102,,48.51,14.6646
160305,00:00,48.8806,45.0,63.9305,33.3512,22.0,15.8653,95.9524,,52.01,36.8921
160305,08:00,85.7901,29.0,63.7023,32.3072,19.0,10.1492,43.2642,,56.48,56.0139
160305,16:00,29.8374,44.0,38.9819,47.654,19.0,8.07333,21.3765,,49.22,40.365
160306,00:00,44.5946,43.0,43.8312,55.7972,25.0,14.2256,12.7943,,54.08,56.2703
160306,08:00,23.5202,22.0,34.3424,30.95,,16.0144,12.5218,,52.75,54.2445
160306,16:00,15.606,40.0,11.3908,29.906,,20.8444,17.0313,,51.8,26.925
160307,00:00,27.1878,50.0,70.56,28.34,,8.20806,100.17,,31.56,26.1046
160307,08:00,34.3963,44.0,63.6381,42.956,,9.84667,77.3045,,35.8,31.1765
160307,16:00,12.2249,20.0,45.2035,25.4168,27.0,16.3828,,13.792,15.69,30.7451
160308,00:00,,62.0,37.7549,45.1484,14.0,33.6078,89.4349,35.2358,31.7,28.1847
160308,08:00,23.7697,39.0,27.3018,25.73,0.0,9.50444,26.5763,30.4309,28.48,77.4485
160308,16:00,42.6026,26.0,28.2206,25.208,13.0,6.88028,51.5027,19.863,,9.6511
160309,00:00,18.5852,53.0,75.0085,33.9776,32.0,22.4681,62.4542,17.2818,47.8,30.5322
160309,08:00,29.1044,17.0,51.1463,69.6824,62.0,56.2131,29.3656,48.0421,17.1,49.8671
160309,16:00,23.1453,4.0,36.5749,21.8672,14.0,16.4803,60.1766,28.3086,25.2,32.2484
160310,00:00,66.2521,24.0,40.3524,16.856,17.0,18.1914,35.8156,18.6011,49.83,56.437
160310,08:00,42.0102,17.0,31.9989,16.4384,17.0,11.5922,30.0722,15.8122,29.3,35.6582
160310,16:00,20.7027,18.0,31.7739,26.3564,11.0,6.96412,37.1532,9.405,18.5,18.4135
160311,00:00,35.1755,23.0,29.0967,28.9664,17.0,5.05111,21.6621,13.1411,26.53,
160311,08:00,34.0049,20.0,28.8708,15.6032,13.0,6.27,19.5888,13.9258,26.1,12.2744
160311,16:00,,12.0,45.0859,18.6308,12.0,4.32028,30.1976,18.1669,23.61,13.7125
160312,00:00,29.7385,23.0,28.006,28.862,15.0,5.29306,25.8254,28.7498,20.8,19.4357
160312,08:00,25.1858,21.0,22.6143,23.8508,14.0,4.76333,19.9232,18.4419,12.0,7.9366
160312,16:00,20.8734,29.0,22.6507,27.9224,17.0,5.09,21.3946,17.0472,23.61,14.2704
160313,00:00,43.0766,22.0,22.9553,29.6972,20.0,5.08278,23.9109,32.8333,,29.0783
160313,08:00,25.7073,7.0,18.2202,14.9768,16.0,9.76444,21.1939,17.9555,,4.41159
160313,16:00,31.2796,10.0,25.0237,18.7352,13.0,9.00028,16.1445,7.09954,12.9,13.5162
160314,00:00,39.6351,52.0,31.7229,29.4884,19.0,11.5364,48.7986,60.9634,31.96,34.7073
160314,08:00,39.311,51.0,39.0668,51.6212,62.0,8.82028,52.9619,39.8976,23.36,18.0865
160314,16:00,24.4968,,20.8466,41.1812,23.0,10.7433,21.6788,20.2512,,33.5108
160315,00:00,28.6966,,52.7241,21.7628,18.0,3.72361,36.2921,3.43439,31.8,37.3289
160315,08:00,25.2752,9.0,24.3814,16.4384,8.0,5.93833,15.8017,2.12436,16.7,10.5253
160315,16:00,18.983,21.0,33.2233,22.4936,4.0,8.33167,51.9253,8.79368,13.56,3.10522
160316,00:00,30.6322,28.0,27.8799,18.6308,17.0,7.26694,20.1489,18.4526,25.7,14.1445
160316,08:00,25.989,26.0,33.3722,28.862,27.0,35.0614,24.7804,24.4544,25.6,24.9004
160316,16:00,17.3961,21.0,32.6159,27.6092,18.0,9.41889,28.0658,8.72687,16.4826,12.1905
160317,00:00,120.205,59.0,121.666,31.472,20.0,6.87222,96.6262,71.7263,54.08,63.4227
160317,08:00,125.674,69.0,128.819,43.8956,26.0,10.6281,184.824,23.7522,166.76,32.7458
160317,16:00,29.0052,16.0,45.8006,25.8344,27.0,8.87306,55.1021,24.2954,49.9886,17.2764
160318,00:00,83.1868,66.0,132.337,28.4444,37.0,5.90806,126.304,21.5639,44.94,23.2687
160318,08:00,38.8613,39.0,107.132,34.8128,32.0,5.25694,96.459,,45.47,11.347
160318,16:00,24.4415,43.0,29.9066,15.6032,9.0,1.52556,21.0769,7.45935,24.9144,12.5124
160319,00:00,28.4464,5.0,41.4427,10.07,5.0,5.25472,29.8214,3.36093,17.84,19.6124
160319,08:00,13.8026,10.0,8.59369,8.0864,16.0,8.55528,8.13978,8.28062,13.63,16.3117
160319,16:00,8.64803,6.0,8.031,8.7128,10.0,8.4325,18.6692,5.26424,9.95767,14.6709
160320,00:00,51.0047,33.0,71.4385,26.8784,24.0,5.00806,69.5732,11.3376,43.47,25.8486
160320,08:00,25.0745,21.0,64.1497,30.1148,18.0,7.35667,32.7827,10.016,21.44,12.3036
160320,16:00,15.7025,33.0,36.4531,26.774,16.0,10.1894,20.1251,8.45889,19.0939,6.34417
160321,00:00,18.7644,21.0,35.9253,29.0708,24.0,3.86667,46.4379,20.9332,16.88,21.5623
160321,08:00,11.9712,23.0,29.2337,33.9776,22.0,6.91778,20.0625,10.719,24.5,15.2168
160321,16:00,14.0732,17.0,31.7226,27.296,8.0,4.47167,9.86542,9.28158,21.2354,6.35678
160322,00:00,16.5301,15.0,50.599,22.4936,25.0,6.5675,25.5113,18.8371,15.16,8.08109
160322,08:00,15.702,5.0,30.7808,21.1364,19.0,5.7175,20.3927,7.17319,9.77,6.86074
160322,16:00,18.8642,10.0,20.7647,14.1416,8.0,2.98389,16.4665,4.61683,11.1,9.35204
160323,00:00,32.1526,28.0,69.0007,18.422,11.0,16.6711,60.756,31.7641,20.76,58.809
160323,08:00,33.3155,33.0,28.9501,26.8784,8.0,6.65028,43.1253,49.4875,44.85,26.1511
160323,16:00,17.4107,11.0,39.9884,15.6032,16.0,7.38778,35.5988,3.57188,38.5692,13.6847
160324,00:00,27.8226,24.0,48.1011,28.34,34.0,21.0522,130.406,17.9668,30.57,19.1382
160324,08:00,36.0624,30.0,35.1942,24.4772,12.0,20.1928,46.6905,22.8672,40.6,24.641
160324,16:00,26.7127,17.0,14.3856,20.6144,10.0,23.0258,11.2981,13.4466,31.0369,10.1685
160325,00:00,46.7057,98.0,92.2649,52.6652,73.0,43.1642,117.037,20.6404,44.54,22.7737
160325,08:00,68.1589,68.0,97.693,79.496,103.0,12.7092,72.5062,33.2158,60.55,25.5442
160325,16:00,35.5764,20.0,29.4901,33.6644,28.0,9.615,16.3917,23.6795,39.5245,46.1365
160326,00:00,52.9467,77.0,73.2944,61.1216,36.0,18.62,68.6296,27.396,54.27,13.0678
160326,08:00,23.8678,28.0,65.4973,58.4072,35.0,5.50028,31.971,38.167,30.5,7.54989
160326,16:00,,11.0,20.5675,39.5108,48.0,7.78028,22.3589,18.3726,11.1954,4.63314
160327,00:00,118.234,35.0,63.4528,63.6272,62.0,8.99667,75.4384,31.071,,27.2028
160327,08:00,55.9259,40.0,63.5863,61.8524,78.0,10.5706,57.6222,27.4914,34.7,26.3293
160327,16:00,10.4907,18.0,19.5862,21.2408,22.0,10.7094,15.1994,31.0057,18.2172,13.0619
160328,00:00,24.3344,,54.0404,37.6316,68.0,20.0264,38.6363,19.1023,31.04,7.1444
160328,08:00,21.621,,52.187,41.39,34.0,25.3719,20.2402,24.7068,36.81,14.4044
160328,16:00,16.002,,13.9382,,22.0,14.6694,10.6488,15.8476,10.9574,1.26749
160329,00:00,23.8013,,59.1819,,43.0,21.9292,27.9782,21.4415,20.77,3.03958
160329,08:00,7.45377,33.0,57.8168,,42.0,20.715,15.9992,24.7027,19.11,5.55016
160329,16:00,7.48648,5.0,8.48272,11.2184,42.0,2.69361,8.69121,19.7988,17.4082,2.9652
160330,00:00,21.7314,5.0,27.6261,14.5592,16.0,5.55722,33.0147,7.04631,14.52,3.55072
160330,08:00,18.5384,17.0,43.542,15.0812,11.0,10.175,11.5854,14.2355,11.09,11.9148
160330,16:00,12.2018,15.0,8.60253,12.2624,18.0,8.47306,7.13798,8.19889,19.2963,10.762
160331,00:00,11.7867,7.0,59.6247,27.7136,16.0,7.55556,62.5729,25.8572,21.3,4.71589
160331,08:00,22.0493,18.0,68.1711,23.2244,36.0,7.50306,23.853,18.4111,17.25,11.3466
160331,16:00,26.8868,21.0,19.5832,28.0268,10.0,5.08167,20.8237,,13.3826,5.47307
160401,00:00,27.0025,36.0,39.362,29.4884,23.0,12.6383,35.3445,,22.56,24.1744
160401,08:00,12.7327,6.0,40.9801,15.7076,15.0,7.08694,25.9494,,16.7,14.1145
160401,16:00,18.5474,11.0,19.2753,9.4436,9.0,7.21639,18.4376,5.10443,5.30819,2.96496
160402,00:00,46.8405,10.0,71.1317,9.3392,9.0,4.53111,76.9071,3.58256,2.78,41.4029
160402,08:00,36.7999,,77.1432,20.7188,7.0,7.4625,94.3297,18.3044,57.95,17.9944
160402,16:00,16.5223,,11.1225,11.4272,6.0,6.10083,9.20531,3.29748,14.0463,5.95906
160403,00:00,36.7064,,40.9661,68.012,43.0,15.2614,38.9344,56.2406,4.24,18.7767
160403,08:00,43.3312,,55.2202,23.12,32.0,11.19,28.7335,18.0777,24.55,20.9698
160403,16:00,11.4159,,15.7653,13.3064,3.0,12.2,8.92662,9.19124,18.6132,19.9251
160404,00:00,41.5417,22.0,55.8975,26.5652,32.0,46.0019,49.5173,17.3407,32.48,28.7263
160404,08:00,35.7383,27.0,73.3853,37.6316,33.0,28.0061,23.5239,20.9672,49.38,30.3423
160404,16:00,24.5926,18.0,17.4457,21.032,9.0,19.5361,12.4684,4.60708,26.7767,22.9377
160405,00:00,61.5412,23.0,63.7918,36.7964,27.0,39.3064,45.0652,19.1142,46.22,42.3385
160405,08:00,60.6364,40.0,74.028,35.8568,25.0,19.1385,46.5987,19.1674,60.09,58.3465
160405,16:00,23.8954,18.0,14.9445,31.472,25.0,20.7111,12.4938,13.9858,43.0096,24.9543
160406,00:00,39.1498,65.0,75.5437,64.7756,31.0,35.2592,21.0127,29.4659,59.86,36.839
160406,08:00,16.5008,19.0,54.7758,50.264,36.0,4.3925,17.601,37.7046,30.9,8.94156
160406,16:00,18.9505,12.0,34.5812,24.5816,13.0,2.73361,10.2344,9.20208,19.7851,24.4057
160407,00:00,36.3488,30.0,68.0794,40.6592,25.0,10.0286,49.7759,19.87,31.79,13.9844
160407,08:00,23.6699,34.0,70.3168,29.6972,31.0,12.8175,44.6931,33.0907,26.05,4.04986
160407,16:00,7.30637,13.0,21.8597,14.9768,12.0,7.22167,16.787,13.0631,18.5151,8.47059
160408,00:00,15.8008,23.0,51.172,29.4884,24.0,9.9725,45.1556,13.9628,16.38,7.35134
160408,08:00,27.0957,10.0,62.108,24.3728,37.0,16.1881,15.892,16.0561,14.5,13.8385
160408,16:00,13.7663,15.0,32.0709,22.1804,22.0,4.49222,15.8065,7.89956,9.55667,11.1743
160409,00:00,20.4144,24.0,26.8386,26.4608,11.0,11.8044,24.7951,109.18,19.59,42.7801
160409,08:00,20.0212,14.0,31.4745,16.5428,9.0,20.8878,9.51053,16.924,24.27,25.4992
160409,16:00,24.8379,15.0,33.978,15.9164,12.0,5.51917,21.9293,16.2054,16.5927,12.1525
160410,00:00,33.7082,,36.6874,21.6584,12.0,10.1094,21.8087,11.739,15.44,18.1544
160410,08:00,20.72,,33.6174,16.5428,12.0,3.2125,32.5578,8.80774,11.47,16.2774
160410,16:00,20.1658,17.0,52.8961,19.8836,14.0,4.48889,28.6912,9.02876,8.41622,5.4407
160411,00:00,17.3101,9.0,46.4675,10.9052,11.0,4.1225,33.4877,13.8456,9.42,7.76023
160411,08:00,23.6427,12.0,45.3503,12.68,13.0,4.24222,36.856,8.71768,11.77,7.08428
160411,16:00,26.5252,20.0,64.1294,23.7464,26.0,4.60583,29.1244,10.8769,8.27889,6.73571
160412,00:00,44.2167,23.0,92.4494,21.032,,4.55722,70.5029,11.1526,12.69,11.2416
160412,08:00,47.8175,32.0,39.666,30.1148,,8.10111,58.9699,7.27807,17.5,
160412,16:00,40.3595,34.0,49.9211,44.7308,20.0,6.75833,40.3792,17.6223,22.8244,29.4609
160413,00:00,66.5644,44.0,87.0501,46.8188,30.0,17.7508,54.8162,28.8158,43.64,32.1435
160413,08:00,67.7524,40.0,61.9244,60.2864,30.0,14.3117,25.9082,31.003,44.87,35.1548
160413,16:00,17.5866,17.0,21.4481,47.132,43.0,5.79722,12.1698,15.2513,31.0547,53.583
160414,00:00,41.5102,49.0,68.3952,63.6272,41.0,6.92444,66.5772,11.8602,26.69,18.4942
160414,08:00,13.175,23.0,69.303,16.5428,11.0,5.67417,41.2429,10.6563,28.42,19.5372
160414,16:00,18.6443,,45.0841,18.422,11.0,4.50639,22.5969,7.57572,14.9192,14.4943
160415,00:00,19.9411,,32.9641,19.6748,29.0,1.435,18.6246,4.43155,12.16,21.6707
160415,08:00,29.1829,25.0,51.2751,18.3176,16.0,6.78389,32.8495,6.84567,16.82,34.9601
160415,16:00,18.5628,8.0,22.7259,23.2244,15.0,5.05889,11.4718,5.22049,13.0511,15.2885
160416,00:00,18.1772,24.0,28.5885,24.9992,52.0,16.8681,16.5178,20.4739,11.59,9.7046
160416,08:00,15.5422,20.0,32.3858,34.2908,22.0,7.63528,18.2,21.7985,12.78,15.6116
160416,16:00,21.1517,22.0,13.5815,15.29,10.0,8.85333,12.4767,8.78164,7.40297,6.52024
160417,00:00,28.1103,29.0,53.0808,32.516,10.0,6.01778,40.1061,16.1526,12.58,6.62506
160417,08:00,28.5648,31.0,56.0899,38.3624,29.0,9.15167,12.1594,11.9453,9.98,8.27701
160417,16:00,8.10611,13.0,14.5022,19.1528,5.0,6.02861,12.0554,10.7555,9.23458,6.00953
160418,00:00,12.5654,14.0,23.5633,18.1088,15.0,3.48472,10.7249,17.6629,10.96,10.3231
160418,08:00,,4.0,16.8539,10.592,17.0,5.79,15.8423,6.73769,12.65,5.84471
160418,16:00,8.86765,5.0,22.9733,7.6688,7.0,2.99389,10.238,7.38099,9.88389,4.68502
160419,00:00,32.8179,17.0,68.8205,22.4936,16.0,4.79444,38.4031,9.76488,10.51,13.9915
160419,08:00,19.0563,11.0,81.0014,19.2572,16.0,3.71444,35.1551,7.93699,15.12,4.68219
160419,16:00,11.9089,1.0,30.6241,22.3892,23.0,6.81167,18.2856,7.33964,14.1035,32.1973
160420,00:00,14.6847,13.0,39.6773,9.548,17.0,5.86778,17.8091,3.74359,11.53,3.71465
160420,08:00,7.45921,8.0,19.0615,11.5316,9.0,7.72639,13.2938,1.18142,10.81,6.20552
160420,16:00,14.634,6.0,11.8139,6.2072,7.0,5.55861,10.2448,1.7497,12.8423,4.45428
160421,00:00,27.156,12.0,46.7153,14.9768,11.0,6.30056,29.4238,8.60216,10.01,3.38738
160421,08:00,20.1199,28.0,39.6023,21.032,9.0,5.54972,23.2613,19.3111,17.66,13.3162
160421,16:00,9.1216,14.0,14.6837,13.202,8.0,5.645,12.7723,6.90036,8.80861,
160422,00:00,29.1339,24.0,61.7265,21.032,15.0,5.1475,25.2794,10.4895,12.57,7.65674
160422,08:00,13.186,16.0,40.3788,14.246,12.0,7.885,10.3629,7.35335,7.86,
160422,16:00,5.36789,7.0,11.8359,8.0864,4.0,3.68972,7.50676,0.76714,7.23656,
160423,00:00,45.6973,27.0,56.4617,21.2408,13.0,6.14556,41.8154,16.3496,10.76,33.9978
160423,08:00,46.374,33.0,61.1286,27.4004,12.0,2.72583,29.4502,9.77407,37.72,7.83936
160423,16:00,12.4959,8.0,16.3911,12.8888,9.0,4.29361,14.6388,8.59775,17.18,2.15391
160424,00:00,9.45784,19.0,52.7877,20.7188,17.0,13.1928,30.3085,10.1233,6.06,4.49841
160424,08:00,11.3101,5.0,6.90422,5.4764,9.0,5.92083,15.4554,5.23513,8.62,2.77228
160424,16:00,8.37479,6.0,17.0275,8.9216,6.0,4.61028,8.29683,8.83669,6.155,1.62962
160425,00:00,20.1466,21.0,36.4167,10.6964,9.0,11.5967,23.0088,9.95787,4.24,19.5904
160425,08:00,16.8525,20.0,31.487,21.554,11.0,3.49972,15.1523,18.4127,13.06,9.86087
160425,16:00,9.77867,8.0,14.9895,11.4272,10.0,7.12833,10.8833,8.93778,10.0625,3.19721
160426,00:00,31.4775,24.0,69.5494,17.4824,9.0,11.5992,65.9284,9.95732,6.0,5.43433
160426,08:00,15.377,19.0,45.8773,32.9336,6.0,28.0569,26.1823,30.176,15.3,20.1141
160426,16:00,10.094,15.0,9.13827,11.4272,8.0,11.9647,5.63161,8.19458,10.07,3.52022
160427,00:00,26.0496,9.0,22.2358,16.334,36.0,3.45167,16.3502,14.2604,7.71,7.42456
160427,08:00,18.2121,4.0,29.3651,11.7404,22.0,10.9411,9.68408,10.7264,12.68,8.81627
160427,16:00,14.6649,14.0,20.698,13.9328,16.0,8.7575,15.8821,9.321,10.8325,3.81175
160428,00:00,20.7093,26.0,29.7518,11.114,25.0,17.5608,30.6362,15.1835,16.72,11.7018
160428,08:00,13.3629,15.0,26.7401,24.9992,2.0,5.26861,15.9871,18.1771,12.1,16.8951
160428,16:00,10.7176,8.0,8.17503,11.114,5.0,5.50111,9.29779,10.2427,13.15,6.66432
160429,00:00,22.5589,24.0,13.8339,16.9604,66.0,8.24361,45.0882,16.3817,8.9,1.73622
160429,08:00,32.4452,21.0,35.472,16.2296,22.0,17.5525,27.47,14.6172,22.09,
160429,16:00,6.70096,12.0,15.968,14.3504,11.0,9.75889,10.5641,10.3163,9.39,
160430,00:00,45.5109,18.0,64.8807,29.2796,44.0,11.2425,44.064,21.381,13.63,
160430,08:00,28.5436,22.0,38.0678,30.6368,20.0,12.6808,27.5379,21.1762,19.04,
160430,16:00,11.9414,9.0,20.6091,16.2296,11.0,10.7953,15.5438,8.62302,7.01,
160501,00:00,21.6641,39.0,42.6292,22.7024,24.0,9.87944,23.8081,20.9474,17.89,
160501,08:00,21.6958,33.0,45.2321,31.1588,24.0,9.89917,23.9031,15.7277,22.73,
160501,16:00,14.2296,14.0,20.456,15.4988,10.0,7.87889,11.5578,6.83556,12.0975,
160502,00:00,36.5175,24.0,25.4321,26.6696,33.0,10.6908,18.4508,12.7394,13.8,
160502,08:00,16.9791,15.0,20.3573,26.1476,17.0,8.16306,10.9869,13.3346,11.52,
160502,16:00,9.15043,10.0,19.5924,20.6144,6.0,5.49778,17.2178,9.93756,8.3475,0.89746
160503,00:00,26.2193,21.0,17.4923,25.5212,32.0,12.8836,17.4705,14.3111,14.79,58.5069
160503,08:00,31.3328,5.0,17.7211,19.5704,15.0,8.05722,16.2393,15.4128,16.14,19.9147
160503,16:00,9.19291,2.0,19.0201,14.3504,5.0,7.31417,15.5296,10.6994,8.28,5.21933
160504,00:00,12.8659,14.0,26.556,22.076,15.0,10.0258,23.6045,10.601,9.46,5.74276
160504,08:00,13.2127,11.0,44.7211,31.2632,19.0,5.315,18.676,14.1771,8.86,4.75831
160504,16:00,7.62957,10.0,22.9019,15.812,6.0,14.0278,14.7917,6.21793,9.26361,1.0
160505,00:00,14.1776,17.0,41.3803,14.5592,12.0,4.8675,24.6786,7.2705,8.9,12.2094
160505,08:00,13.5179,6.0,33.4189,25.73,13.0,11.5489,28.3915,8.53461,9.49,11.9554
160505,16:00,11.4688,10.0,25.5425,10.3832,6.0,3.66222,9.92743,13.4183,3.9875,2.68327
160506,00:00,27.0984,14.0,31.8141,15.4988,9.0,9.68833,23.6359,11.0132,15.09,27.5292
160506,08:00,21.7026,12.0,53.424,22.598,13.0,8.41222,33.8755,8.77879,20.2,15.7746
160506,16:00,10.7726,16.0,15.2982,12.0536,,2.83028,4.19939,5.21539,6.44725,4.81875
160507,00:00,42.1663,16.0,41.5473,23.5376,18.0,9.68333,19.9688,9.05155,17.84,14.4231
160507,08:00,15.5929,10.0,43.0266,14.8724,10.0,9.71194,22.5927,10.1173,10.39,11.5418
160507,16:00,12.1681,5.0,13.6599,12.68,10.0,7.31056,2.97389,13.1797,4.52106,2.43664
160508,00:00,20.3921,8.0,15.8335,24.9992,23.0,11.5494,14.2837,17.9455,10.99,16.9136
160508,08:00,13.4667,7.0,33.4218,23.5376,13.0,11.8047,16.0784,18.1331,20.0,15.3062
160508,16:00,8.80953,19.0,15.1439,12.68,,10.6361,6.39256,9.92966,5.39586,4.79676
160509,00:00,19.9076,6.0,18.3197,23.7464,,7.7125,15.112,15.5615,9.75,16.3488
160509,08:00,12.4321,10.0,45.2034,22.4936,,15.6317,10.1243,24.9103,15.25,12.9451
160509,16:00,10.337,,22.0112,9.2348,9.0,14.8489,6.90403,16.919,6.53092,4.60912
160510,00:00,15.1482,9.0,43.4868,21.032,26.0,12.5808,19.3161,18.1275,11.85,12.7371
160510,08:00,14.3472,4.0,50.3252,21.1364,23.0,25.9575,14.6309,27.4018,17.04,10.7854
160510,16:00,5.63147,9.0,8.96633,9.548,5.0,21.0961,5.79612,6.06044,7.75231,2.02798
160511,00:00,15.9947,13.0,22.7991,21.4496,16.0,13.1419,16.2852,10.4465,11.36,10.9864
160511,08:00,18.4025,18.0,37.406,26.4608,20.0,30.6364,27.7584,22.5276,17.45,12.1361
160511,16:00,3.74303,17.0,19.4772,9.3392,4.0,7.38028,9.53231,9.61995,7.133,5.72216
160512,00:00,15.4493,14.0,41.8021,24.2684,9.0,2.77667,23.7787,12.1084,12.45,1.0
160512,08:00,11.7587,7.0,49.09,21.554,17.0,5.68861,14.4549,11.2742,12.94,21.4212
160512,16:00,8.12579,6.0,16.9091,11.3228,7.0,4.14639,7.45068,11.1649,8.72667,11.4646
160513,00:00,17.4832,9.0,29.5133,21.554,13.0,6.22111,10.4211,16.6241,10.04,4.57603
160513,08:00,13.3481,14.0,29.8969,21.1364,12.0,9.45361,10.5221,13.734,11.06,5.00371
160513,16:00,11.371,7.0,14.1446,14.3504,12.0,6.23806,7.40995,12.1063,8.67789,3.15514
160514,00:00,15.1257,8.0,21.8088,25.9388,7.0,8.49361,25.608,10.3053,9.39,3.94932
160514,08:00,10.3946,20.0,44.0165,19.466,13.0,6.98583,17.2229,8.98226,10.54,7.9711
160514,16:00,9.23763,6.0,27.3668,10.2788,11.0,7.16472,7.88564,6.93895,8.031,0.25072
160515,00:00,13.2477,8.0,15.339,14.1416,5.0,5.495,12.6166,7.87479,13.95,1.37958
160515,08:00,7.81274,3.0,11.4486,9.548,11.0,3.34194,7.30712,8.03824,8.39,2.57977
160515,16:00,6.09586,2.0,10.5847,8.3996,10.0,6.33222,5.95615,6.93853,7.65822,2.12793
160516,00:00,9.94921,7.0,47.9821,7.7732,10.0,3.13083,14.4056,4.15022,4.08,1.51158
160516,08:00,10.6879,4.0,15.3552,12.3668,10.0,4.20833,9.52503,7.70776,4.25,1.37983
160516,16:00,4.04831,4.0,11.7314,11.7404,6.0,4.69389,5.23384,4.57357,6.77178,1.91264
160517,00:00,9.86775,9.0,49.6999,9.7568,7.0,1.90806,30.925,6.41216,7.09,6.70027
160517,08:00,9.55433,5.0,28.9182,10.3832,12.0,7.53111,11.7722,5.1301,8.29,6.19175
160517,16:00,8.06825,10.0,20.6962,9.2348,16.0,7.18917,5.69281,8.25495,7.20656,8.77591
160518,00:00,12.4704,14.0,37.9871,20.8232,14.0,7.52694,30.323,7.50674,13.4,2.94358
160518,08:00,19.101,13.0,45.306,28.1312,16.0,7.40889,16.3618,14.1831,7.32,5.59294
160518,16:00,13.8364,11.0,27.3254,14.3504,6.0,,14.9992,5.94629,11.2228,7.25066
160519,00:00,24.4349,35.0,74.7261,28.6532,25.0,,30.507,16.2875,9.18,5.02435
160519,08:00,28.2357,11.0,72.8646,18.3176,23.0,,20.6004,19.9203,15.37,20.5345
160519,16:00,13.268,11.0,33.1921,13.5152,10.0,14.6636,14.4223,7.38,17.0369,5.06793
160520,00:00,40.0306,21.0,52.1662,22.598,21.0,19.2992,30.6574,20.4785,17.26,13.0157
160520,08:00,37.6078,21.0,54.8734,34.604,22.0,17.045,29.9468,20.7387,32.22,11.2224
160520,16:00,11.0954,15.0,23.3236,17.6912,11.0,16.165,8.72665,11.4541,22.3021,5.45883
160521,00:00,26.3056,20.0,55.0698,37.1096,25.0,10.5444,26.0845,21.6266,17.05,1.86928
160521,08:00,14.079,23.0,58.0519,27.0872,25.0,7.90194,22.7154,25.0432,17.84,5.46736
160521,16:00,9.37533,7.0,15.1651,13.724,16.0,7.855,9.25668,7.96562,11.5982,2.06077
160522,00:00,40.1846,39.0,54.4988,24.7904,17.0,11.8253,28.5842,16.3758,11.45,9.70859
160522,08:00,20.1399,10.0,72.304,19.988,12.0,14.8389,22.6736,15.6625,21.83,9.33237
160522,16:00,5.91109,10.0,15.469,11.5316,9.0,10.9456,7.42751,10.122,8.46389,3.427
160523,00:00,21.0454,13.0,41.6269,30.2192,16.0,9.05139,17.6827,22.0409,8.59,9.05079
160523,08:00,,16.0,52.0468,21.9716,23.0,16.3825,18.9222,14.7758,17.77,14.499
160523,16:00,11.1766,13.0,16.2823,13.5152,2.0,10.4344,8.62035,10.3858,12.8934,6.36132
160524,00:00,22.8023,14.0,34.551,16.0208,12.0,7.59167,18.8084,8.17341,18.62,21.9881
160524,08:00,8.81096,13.0,55.3744,14.5592,11.0,11.9089,25.1484,11.0901,19.06,17.6412
160524,16:00,11.548,5.0,13.9376,9.548,3.0,7.16778,18.1123,5.91011,12.3191,14.5232
160525,00:00,18.7645,12.0,17.9423,18.944,13.0,6.94417,9.96927,12.166,12.59,23.1945
160525,08:00,13.3448,12.0,46.2839,26.5652,14.0,10.3889,26.7685,12.9972,18.98,30.3062
160525,16:00,16.5463,13.0,22.9716,16.856,6.0,14.1947,14.4256,8.48251,17.5681,7.59798
160526,00:00,20.2586,14.0,27.1643,19.3616,16.0,4.4075,18.6634,11.9521,15.57,14.0262
160526,08:00,17.1714,30.0,30.028,32.4116,16.0,3.31722,14.8167,13.711,14.95,16.0391
160526,16:00,15.2526,17.0,26.301,10.07,6.0,3.9975,22.3039,4.99399,17.7302,11.0977
160527,00:00,25.826,21.0,45.9269,28.9664,7.0,6.96778,29.6192,10.2202,16.26,3.60264
160527,08:00,19.7442,16.0,44.2085,32.2028,7.0,9.22611,30.0658,10.4957,16.18,2.39467
160527,16:00,15.2449,15.0,16.5884,31.0544,3.0,5.77389,10.6121,14.5483,9.075,1.0
160528,00:00,15.5415,13.0,9.69193,22.598,20.0,7.68778,11.081,18.5067,17.45,11.8125
160528,08:00,19.6539,19.0,15.1109,24.8948,16.0,12.0078,9.90469,10.7746,18.67,13.4445
160528,16:00,24.4817,9.0,12.1458,8.9216,4.0,10.9036,10.6591,15.2974,10.3866,9.15959
160529,00:00,16.3143,15.0,30.334,23.7464,18.0,13.0728,14.3044,9.98912,10.43,13.433
160529,08:00,9.51487,17.0,28.4268,14.9768,13.0,7.45278,19.1441,18.3813,16.41,8.15135
160529,16:00,9.24454,13.0,12.4042,10.592,9.0,6.55694,20.9108,9.47411,8.32075,3.19366
160530,00:00,15.0291,13.0,29.8048,16.6472,14.0,8.68139,13.761,,15.46,11.992
160530,08:00,19.401,12.0,31.9414,18.944,15.0,15.1935,12.8664,,12.15,18.269
160530,16:00,17.2947,11.0,16.7512,15.812,18.0,12.3689,10.1579,11.0329,12.0972,6.28083
160531,00:00,15.9233,9.0,22.1408,22.8068,14.0,4.31222,14.9691,14.0928,15.34,11.3008
160531,08:00,16.5453,16.0,49.227,22.076,11.0,11.6231,25.5221,15.34,8.14,18.8007
160531,16:00,17.9326,9.0,32.9804,14.768,12.0,8.56722,16.591,13.0874,10.5509,5.51438
160601,00:00,13.479,,14.3619,21.1364,7.0,7.40611,11.8629,9.83822,12.42,3.46174
160601,08:00,12.125,17.0,20.7442,21.6584,9.0,13.5025,12.4347,13.8182,10.2,8.92991
160601,16:00,2.96101,14.0,11.3076,15.9164,7.0,11.5897,5.40649,10.0872,13.9394,4.72511
160602,00:00,8.10447,7.0,18.5473,16.4384,10.0,4.37972,13.943,8.37048,13.83,6.9245
160602,08:00,18.939,15.0,34.2583,17.1692,23.0,10.3081,9.20907,9.63411,11.35,7.53168
160602,16:00,13.9866,12.0,14.7764,10.3832,7.0,23.1189,9.86562,7.75579,8.61311,6.20809
160603,00:00,8.50301,7.0,27.8568,13.8284,24.0,7.94278,26.426,15.837,10.82,9.52639
160603,08:00,15.7531,7.0,32.1507,14.5592,26.0,16.5678,15.3381,15.3576,19.29,13.1125
160603,16:00,11.097,11.0,21.9711,12.0536,9.0,10.5533,13.4038,7.76038,9.10189,6.45648
160604,00:00,25.206,34.0,27.386,31.8896,16.0,12.3808,18.3757,13.3193,16.67,10.1901
160604,08:00,16.5387,2.0,32.4077,21.8672,13.0,6.70639,11.0479,13.1895,25.25,21.7818
160604,16:00,10.4838,18.0,14.7632,15.3944,6.0,2.53667,12.4562,8.92978,12.3237,8.1609
160605,00:00,33.1859,25.0,45.8768,17.9,9.0,3.08583,28.5842,8.92896,15.92,
160605,08:00,23.5718,2.0,35.1858,9.548,5.0,2.76056,33.7324,5.028,12.93,8.32388
160605,16:00,6.98226,4.0,16.3487,5.2676,1.0,7.475,12.0977,6.21566,4.16261,1.38421
160606,00:00,14.14,4.0,13.1237,5.7896,9.0,0.93528,7.76902,4.65424,10.5,2.75109
160606,08:00,6.05235,2.0,13.4125,9.026,4.0,6.4475,9.10944,6.26444,12.0,8.59675
160606,16:00,4.58979,10.0,8.41552,8.504,5.0,3.05694,4.79709,4.2085,3.22161,2.26439
160607,00:00,13.4569,7.0,12.9824,11.636,6.0,2.48167,9.92116,6.88582,4.4,9.77293
160607,08:00,11.9547,3.0,17.3089,11.5316,11.0,5.89972,10.9739,5.57637,8.6,8.07015
160607,16:00,4.93649,6.0,7.83163,8.0864,5.0,7.61194,7.76302,4.62373,6.02294,3.36455
160608,00:00,20.6297,17.0,19.8494,10.592,19.0,8.29667,13.6291,12.2776,12.9,4.28075
160608,08:00,14.3571,12.0,22.0038,12.8888,5.0,14.0161,13.8759,10.5458,19.79,7.11511
160608,16:00,9.67647,5.0,6.53755,7.0424,4.0,4.67833,14.5886,8.39245,12.3123,0.16539
160609,00:00,10.2707,,31.4096,9.026,9.0,5.13667,10.998,13.2422,15.75,2.85226
160609,08:00,12.4898,15.0,35.949,26.1476,16.0,8.02639,14.527,4.23176,9.36,1.95696
160609,16:00,8.29218,2.0,20.8219,7.6688,2.0,6.2425,7.73159,4.60988,5.96939,1.0
160610,00:00,8.91822,11.0,23.9613,9.9656,17.0,6.46611,18.4624,8.48324,3.55,3.70129
160610,08:00,15.2306,17.0,30.7833,11.114,8.0,10.2425,14.2777,7.48376,12.43,3.02372
160610,16:00,12.4813,1.0,15.6362,15.1856,7.0,16.0719,10.1152,6.0768,12.2626,1.97263
160611,00:00,12.4218,6.0,27.7811,7.5644,,4.44444,10.4586,4.20625,8.67,1.0
160611,08:00,16.2671,2.0,24.1592,5.4764,,5.86972,10.4211,7.32663,9.45,1.50095
160611,16:00,7.27188,6.0,12.3378,4.6412,3.0,5.58694,7.79098,4.9242,3.80106,1.0
160612,00:00,26.7288,7.0,35.3905,16.1252,25.0,7.63806,28.9946,7.98672,11.11,8.13295
160612,08:00,11.6512,2.0,28.2913,7.2512,11.0,4.71806,14.5639,10.0951,6.91,7.0474
160612,16:00,12.1006,4.0,14.4289,5.9984,0.0,6.59333,9.72444,4.20901,2.89506,2.37559
160613,00:00,15.5439,5.0,20.473,9.3392,2.0,2.15806,11.7286,7.52192,5.66,7.06877
160613,08:00,24.2878,14.0,18.8583,9.6524,6.0,8.97889,11.9502,6.40597,11.37,6.34394
160613,16:00,7.04821,13.0,12.841,7.46,4.0,6.55,10.9714,4.63072,7.96444,13.3475
160614,00:00,12.1409,9.0,25.2925,12.7844,8.0,6.6625,15.3793,8.25712,13.16,9.25213
160614,08:00,16.6633,13.0,42.028,15.6032,11.0,11.45,19.2203,10.3348,16.79,8.2574
160614,16:00,7.89715,10.0,27.4763,12.9932,4.0,6.92694,13.2141,10.4528,12.2688,11.4807
160615,00:00,19.3974,7.0,28.867,11.7404,8.0,7.4875,27.0756,10.7666,10.59,9.45132
160615,08:00,23.123,8.0,44.5878,19.1528,10.0,11.2469,26.7827,8.26892,18.06,7.5531
160615,16:00,7.28431,9.0,19.4701,11.4272,7.0,5.6625,,7.61445,12.9782,5.0039
160616,00:00,6.54105,6.0,22.3332,13.202,3.0,6.20806,13.6505,13.2787,13.76,2.5046
160616,08:00,5.7449,8.0,14.8771,14.1416,14.0,9.92306,7.95138,10.5394,9.95,8.50908
160616,16:00,2.0399,1.0,11.7236,8.9216,7.0,4.64583,6.38146,7.4871,5.23208,0.76438
160617,00:00,9.11546,15.0,20.1888,12.5756,16.0,9.36694,9.06401,15.2117,4.88,4.59084
160617,08:00,,9.0,21.1099,11.3228,7.0,11.9344,9.68754,15.2988,9.47,7.70168
160617,16:00,7.24468,1.0,6.65256,8.2952,11.0,7.54667,,12.287,9.79389,7.37421
160618,00:00,9.35504,2.0,13.0136,6.5204,10.0,6.8275,6.61294,5.88745,9.02,6.87853
160618,08:00,5.73296,4.0,7.70726,10.3832,8.0,8.82333,6.24265,11.6992,14.69,8.80934
160618,16:00,6.85225,6.0,3.6,9.2348,3.0,4.10278,,9.87645,7.03167,5.61825
160619,00:00,15.6984,12.0,29.7637,24.2684,16.0,9.59639,13.9317,15.1533,11.13,4.14728
160619,08:00,7.97628,9.0,33.4133,14.246,15.0,11.18,10.9955,13.4388,16.92,13.6652
160619,16:00,9.11272,6.0,9.61314,5.6852,23.0,17.9022,4.44361,5.38459,7.05806,5.68269
160620,00:00,5.61403,9.0,7.4253,15.29,19.0,7.17444,10.2514,11.3325,1.7,6.0757
160620,08:00,14.9176,14.0,21.3262,19.0484,15.0,4.77056,14.4999,8.32939,11.08,10.4483
160620,16:00,9.82728,4.0,33.8468,19.7792,11.0,8.47333,8.6191,8.30395,8.77056,7.86492
160621,00:00,18.3696,9.0,29.433,7.6688,5.0,8.32667,15.4363,8.05312,7.45,6.1203
160621,08:00,15.4722,17.0,33.3455,20.3012,4.0,13.38,17.3512,7.42236,14.82,11.6343
160621,16:00,10.7437,14.0,12.9564,11.4272,11.0,6.76389,10.8156,17.5285,10.394,1.0
160622,00:00,17.0007,17.0,27.8462,16.6472,11.0,3.18944,14.0675,18.7055,12.14,3.46345
160622,08:00,14.4422,7.0,31.7862,14.9768,19.0,7.17,17.8564,15.7234,16.01,13.8547
160622,16:00,4.57779,7.0,19.1807,6.938,4.0,14.8828,15.0537,9.60801,7.26267,5.12223
160623,00:00,21.0109,13.0,33.5702,15.29,10.0,14.5906,18.1622,18.9689,12.81,4.03914
160623,08:00,19.1585,11.0,35.7983,17.378,23.0,12.3808,18.0068,16.0988,13.73,18.8274
160623,16:00,10.8105,19.0,26.8414,12.9932,13.0,19.6728,17.6199,14.0178,10.3,8.81149
160624,00:00,26.2283,16.0,30.6014,19.2572,30.0,11.6575,25.4223,18.0135,10.05,13.2697
160624,08:00,27.2933,20.0,37.2173,18.1088,13.0,24.1175,20.9699,22.6083,17.25,14.9546
160624,16:00,15.4371,17.0,21.5688,13.4108,19.0,17.4797,16.528,16.2094,15.3213,8.2997
160625,00:00,30.4479,26.0,27.0958,22.3892,22.0,25.365,22.6252,20.0073,19.24,5.96092
160625,08:00,21.017,35.0,25.9595,19.466,20.0,21.9089,7.01118,21.7827,23.18,12.345
160625,16:00,20.737,,21.2986,17.2736,13.0,22.1158,15.3292,22.1598,17.7447,7.44893
160626,00:00,10.5735,19.0,33.6137,19.5704,18.0,3.30028,16.4933,19.5866,20.39,6.16639
160626,08:00,9.12429,14.0,29.538,19.6748,11.0,12.2444,8.22948,21.7185,16.03,1.0
160626,16:00,6.40413,16.0,13.5023,9.7568,12.0,,,15.3065,11.3827,5.54669
160627,00:00,11.6964,5.0,12.8059,5.372,9.0,2.66611,8.09949,5.98984,4.55,6.55413
160627,08:00,17.8493,3.0,25.0763,8.504,6.0,1.81833,10.0619,4.03671,10.69,14.4216
160627,16:00,8.76176,7.0,24.6121,9.2348,5.0,7.575,9.67297,7.79677,10.3507,0.75246
160628,00:00,16.6932,14.0,25.7612,10.8008,6.0,11.2058,13.4681,11.1684,15.23,6.23048
160628,08:00,8.06893,13.0,37.155,15.29,9.0,3.12361,16.3552,10.1827,13.91,9.92989
160628,16:00,,4.0,23.5162,15.1856,4.0,13.2606,9.15493,9.75716,10.3347,4.99119
160629,00:00,,11.0,36.8372,19.8836,11.0,5.06694,21.0586,15.5994,10.52,5.90827
160629,08:00,,11.0,50.9425,21.1364,13.0,11.1058,15.1638,17.4076,13.32,8.6186
160629,16:00,,8.0,8.47045,10.1744,5.0,9.89778,7.77263,8.15976,10.118,1.95255
160630,00:00,,22.0,29.4552,22.2848,14.0,5.18778,21.0501,11.1837,9.03,4.52901
160630,08:00,,14.0,22.2769,21.2408,18.0,14.575,10.8638,9.95695,11.68,12.6606
160630,16:00,,7.0,8.27965,6.5204,17.0,8.28694,7.60303,7.96414,13.792,6.77393
160701,00:00,,11.0,15.7643,16.2296,19.0,8.14028,9.2386,8.41505,10.81,8.57478
160701,08:00,,18.0,23.3708,18.944,0.0,27.9872,7.58532,8.37186,16.69,6.03597
160701,16:00,8.89766,14.0,12.4498,7.7732,12.0,4.6325,12.0911,8.09411,10.6711,2.25606
160702,00:00,11.382,37.0,23.8192,15.812,22.0,15.0864,13.2299,16.4751,11.82,7.04575
160702,08:00,11.8664,19.0,24.1246,18.8396,12.0,15.0811,8.77802,18.0283,12.93,5.38249
160702,16:00,11.3143,8.0,5.7505,8.6084,8.0,10.3706,4.61729,16.6753,7.59389,3.64701
160703,00:00,5.93812,,13.3306,7.982,,1.4975,6.75577,5.01289,10.52,2.43972
160703,08:00,11.4122,1.0,5.4,10.6964,,3.27361,9.85901,3.58753,9.36,7.74695
160703,16:00,6.65111,4.0,13.78,11.4272,,7.67806,5.99393,6.00681,2.19067,3.88046
160704,00:00,8.07851,7.0,20.7209,10.3832,,3.48639,9.11165,7.03213,3.73,1.0
160704,08:00,8.27211,6.0,17.5652,13.4108,,7.35278,4.45387,6.16449,4.95,6.89743
160704,16:00,8.38556,2.0,7.37867,5.7896,,5.74528,7.48655,7.19449,2.53833,4.02813
160705,00:00,12.3834,14.0,20.2513,11.114,2.0,6.26583,13.1378,7.6656,4.91,6.89709
160705,08:00,14.2092,6.0,30.3065,9.548,20.0,7.59306,11.4072,8.87998,16.61,6.86554
160705,16:00,,9.0,6.71297,7.5644,5.0,4.87778,,10.0432,7.51192,5.3522
160706,00:00,,5.0,14.5708,11.5316,12.0,11.8222,,12.034,9.39,1.92845
160706,08:00,,,23.0836,12.9932,13.0,3.3025,6.6221,5.89845,6.07,2.98358
160706,16:00,,4.0,,4.7456,4.0,7.40444,,7.30597,6.84525,3.75926
160707,00:00,,,,6.6248,5.0,7.20667,,5.01712,6.55,4.02056
160707,08:00,,6.0,,8.2952,7.0,7.56028,6.56706,5.89407,9.25,2.21179
160707,16:00,,2.0,11.2756,11.636,5.0,2.56194,,7.77,5.02183,2.81094
160708,00:00,,10.0,23.5694,10.4876,7.0,7.945,11.7012,4.98554,5.23,16.1197
160708,08:00,,4.0,,11.636,5.0,7.15833,11.8892,5.76468,18.41,8.08863
160708,16:00,,4.0,11.1092,6.8336,5.0,3.975,9.92018,6.61947,7.24194,5.54161
160709,00:00,,10.0,31.525,16.856,10.0,8.2825,16.9521,8.57698,11.68,6.25628
160709,08:00,,2.0,19.2515,16.5428,7.0,3.30222,4.61804,7.33054,8.98,3.56634
160709,16:00,,5.0,12.4221,7.6688,5.0,6.40917,,4.16015,7.43819,3.55375
160710,00:00,,3.0,13.6725,6.938,4.0,4.97028,12.7002,8.16491,4.55,4.47758
160710,08:00,,5.0,19.2267,8.7128,4.0,4.3675,8.0203,7.2234,6.84,8.12784
160710,16:00,,9.0,11.7115,8.1908,10.0,10.3461,5.46136,9.57989,5.5885,4.82714
160711,00:00,,12.0,22.6108,12.8888,1.0,10.7356,12.1206,15.1373,8.28,6.43286
160711,08:00,,13.0,24.389,10.4876,13.0,14.7589,6.3206,15.3453,13.11,13.0994
160711,16:00,,,15.6946,10.07,11.0,25.5436,7.68226,12.1506,13.2472,4.79283
160712,00:00,,17.0,29.0189,9.4436,7.0,2.74194,12.2786,14.8482,15.27,9.50757
160712,08:00,,,22.9527,19.988,12.0,10.1231,9.92145,23.2694,16.09,5.92048
160712,16:00,,20.0,18.9819,17.5868,12.0,8.09111,5.66043,8.38362,12.672,4.42582
160713,00:00,,20.0,25.3923,25.1036,24.0,9.27111,,14.5406,10.54,8.50109
160713,08:00,,,24.205,18.3176,11.0,3.20083,7.44807,14.0949,19.24,10.9717
160713,16:00,9.09738,,18.1675,12.68,5.0,4.46389,6.52586,12.3278,16.107,5.96261
160714,00:00,6.67151,7.0,22.7908,15.3944,12.0,6.70444,11.242,23.2601,10.43,3.67546
160714,08:00,6.26808,11.0,28.285,13.724,12.0,10.0264,6.36947,10.7444,10.56,3.24654
160714,16:00,5.32448,2.0,9.86667,15.9164,0.0,2.39583,,6.91003,1.28572,3.25066
160715,00:00,7.23518,,6.8775,2.24,7.0,,,5.1591,,6.31118
160715,08:00,3.84472,,18.5716,6.7292,5.0,,,4.01329,7.96,1.0
160715,16:00,7.96168,4.0,12.9075,6.1028,9.0,1.7989,5.28977,7.63244,4.72306,1.34119
160716,00:00,7.11254,5.0,17.785,13.6196,6.0,3.67639,8.77666,6.1249,8.35,1.0
160716,08:00,6.56096,9.0,15.8674,12.2624,9.0,1.70056,11.4851,10.0032,9.03,10.2791
160716,16:00,8.63751,7.0,17.7167,11.4272,,1.87611,13.5311,6.85811,4.90769,7.06154
160717,00:00,9.09131,10.0,16.7941,13.6196,10.0,11.5064,11.096,15.031,2.54,3.38081
160717,08:00,10.7152,20.0,19.1667,15.0812,9.0,13.3833,11.9976,10.4475,10.49,4.44931
160717,16:00,7.07433,5.0,31.5026,10.3832,7.0,1.34389,8.55117,8.57854,5.57278,3.11184
160718,00:00,7.82156,11.0,32.9517,17.378,2.0,3.23389,17.3393,7.12693,7.24,7.59105
160718,08:00,13.2529,8.0,23.1684,11.9492,4.0,2.19806,9.91075,7.10114,8.23,2.22163
160718,16:00,11.0524,7.0,16.0692,8.7128,7.0,,10.3829,3.02746,5.95078,1.14779
160719,00:00,9.76082,5.0,25.7991,10.07,8.0,1.68389,7.77001,6.71104,5.57,1.14496
160719,08:00,10.0293,11.0,30.7317,8.9216,3.0,28.4306,15.5423,4.3649,8.03,2.79414
160719,16:00,7.01551,2.0,23.1684,8.2952,1.0,5.86972,7.21348,2.63889,5.51939,5.59325
160720,00:00,8.56855,8.0,24.3925,8.504,6.0,1.46833,6.90406,5.93326,6.9,0.10556
160720,08:00,7.81007,5.0,,8.1908,4.0,3.68028,19.5556,6.17937,7.81,13.98
160720,16:00,5.50473,2.0,13.8213,5.4764,5.0,3.0075,7.93607,6.58057,3.23861,1.4089
160721,00:00,17.0899,19.0,33.1902,7.0424,2.0,2.82083,8.74294,8.39713,9.12,5.26611
160721,08:00,13.5393,,45.576,7.2512,5.0,3.03278,10.9592,4.13353,11.03,4.88453
160721,16:00,7.09824,12.0,13.4356,5.0588,5.0,3.765,10.422,6.24841,5.43017,3.56252
160722,00:00,10.3013,3.0,39.4587,6.2072,8.0,4.60083,24.9235,4.18548,3.04,6.45651
160722,08:00,14.2341,3.0,33.0631,10.6964,12.0,6.75694,19.8434,9.70542,9.78,10.1681
160722,16:00,6.25027,3.0,7.41689,9.9656,15.0,10.1536,8.21802,7.85759,3.82775,1.1615
160723,00:00,12.0102,12.0,23.1244,14.0372,9.0,9.27,16.0862,12.2601,9.82,5.62075
160723,08:00,11.7363,16.0,32.6009,14.246,15.0,10.7856,14.8859,16.8288,12.94,9.71425
160723,16:00,10.5584,6.0,13.7973,10.4876,16.0,10.8833,13.3316,14.7452,10.253,9.71223
160724,00:00,16.9897,24.0,41.0622,21.2408,22.0,3.53528,14.6937,18.9518,16.42,23.4253
160724,08:00,21.3445,,33.8196,19.988,19.0,4.14722,13.8681,12.1694,22.93,9.97132
160724,16:00,18.793,24.0,12.3396,12.2624,11.0,4.97722,8.20519,11.8159,13.7843,14.9791
160725,00:00,25.219,9.0,24.8996,16.0208,20.0,8.99028,16.1409,17.3225,15.14,15.9276
160725,08:00,20.4216,35.0,34.5493,17.4824,33.0,12.3961,24.6399,15.0341,20.32,15.1558
160725,16:00,15.533,26.0,22.5876,12.3668,32.0,9.39694,5.92215,11.2126,8.7085,13.4767
160726,00:00,17.7261,19.0,34.3342,14.3504,34.0,11.6608,20.254,16.6008,19.13,18.5015
160726,08:00,24.1949,33.0,45.448,23.4332,33.0,15.1019,18.7199,14.4322,24.36,20.1417
160726,16:00,15.8957,,22.7833,12.4712,11.0,12.2422,10.9411,15.4388,15.6235,12.9283
160727,00:00,16.5995,44.0,24.2344,19.0484,20.0,4.35417,11.4,11.0444,18.25,2.81659
160727,08:00,20.7712,23.0,33.7701,28.862,26.0,2.88111,20.3129,8.74883,13.06,4.95893
160727,16:00,11.2996,,10.5972,17.0648,2.0,7.59806,24.6474,10.884,13.263,6.90841
160728,00:00,9.27471,17.0,24.2498,19.3616,12.0,7.59278,11.2541,11.1241,17.56,5.07489
160728,08:00,12.3569,26.0,21.1257,24.686,34.0,8.73961,11.5517,14.8705,13.33,8.48697
160728,16:00,11.8873,,23.3038,16.2296,13.0,8.96556,16.6345,14.022,10.9445,3.38313
160729,00:00,19.3235,25.0,22.8806,17.2736,7.0,8.575,24.4893,6.48104,13.15,10.7171
160729,08:00,22.4456,28.0,27.6059,20.3012,5.0,6.66556,22.8955,13.2344,17.94,5.5444
160729,16:00,13.132,20.0,13.9645,12.4712,9.0,3.45611,5.04473,8.53186,13.0215,11.2112
160730,00:00,8.50873,23.0,25.3067,23.4332,1.0,6.50444,15.0956,9.6058,17.91,6.12189
160730,08:00,6.71053,24.0,13.4625,18.5264,23.0,13.5275,11.4675,12.2525,15.79,4.73181
160730,16:00,4.40934,16.0,4.3562,9.1304,22.0,16.5536,5.39147,10.224,6.369,1.71816
160731,00:00,10.9924,18.0,14.9799,15.3944,12.0,9.05194,14.4853,13.4465,11.55,5.17112
160731,08:00,10.7502,17.0,10.8437,13.5152,12.0,3.82917,9.41698,8.16919,14.41,4.22448
160731,16:00,9.24608,,7.2034,7.0424,9.0,1.57611,4.73505,7.37136,8.81075,3.07552
160801,00:00,5.80357,,11.1901,9.9656,8.0,7.59861,8.59466,9.95833,12.3,2.20775
160801,08:00,10.2381,,19.7141,10.1744,5.0,6.7475,9.01643,6.31431,8.61,4.37728
160801,16:00,4.07556,,12.0771,5.894,5.0,1.30806,5.18448,3.71154,5.373,2.56882
160802,00:00,6.43009,,14.9226,6.8336,7.0,3.84028,13.9134,8.30646,6.39,2.74983
160802,08:00,15.3658,,22.876,9.548,4.0,4.66139,8.15792,9.0817,13.28,5.84755
160802,16:00,10.3682,,6.9343,5.0588,7.0,11.5778,6.97589,6.90299,11.415,6.40245
160803,00:00,11.5906,,21.4906,14.246,12.0,6.08222,10.0802,11.7061,13.53,4.40023
160803,08:00,13.2812,,17.2997,19.1528,11.0,9.49528,9.72196,,13.76,8.26043
160803,16:00,3.51146,,12.4335,12.158,11.0,5.44944,9.00272,,5.87167,0.26418
160804,00:00,4.94488,,22.0113,15.7076,15.0,11.7386,14.6321,,6.51,1.0
160804,08:00,9.32254,,10.2183,18.7352,17.0,7.04167,8.09289,,7.83,2.59139
160804,16:00,7.43211,,7.9559,9.1304,6.0,5.68278,9.79772,4.64615,2.88944,2.86993
160805,00:00,11.5787,,22.891,22.2848,11.0,2.06,14.9319,8.68965,10.65,5.896
160805,08:00,13.0126,,28.1733,18.422,9.0,5.92833,10.4941,10.4049,6.39,2.74598
160805,16:00,,,14.3221,9.548,9.0,4.45167,17.867,10.1034,9.34,3.41738
160806,00:00,2.68132,,26.4664,15.7076,20.0,4.57333,5.18326,7.18899,6.99,8.80279
160806,08:00,12.1445,3.0,10.8014,12.2624,3.0,10.7261,10.2763,6.67159,12.7,1.26738
160806,16:00,8.40479,,25.7514,19.6748,15.0,3.79861,15.8075,10.7557,5.92278,2.38436
160807,00:00,5.99945,,22.6443,13.724,6.0,1.29056,18.6742,7.246,8.83,6.02331
160807,08:00,5.62014,6.0,14.0256,8.8172,3.0,3.39056,13.4439,7.56398,15.53,3.29849
160807,16:00,9.7124,4.0,10.7036,4.0148,5.0,3.67667,,5.62104,4.9595,5.08972
160808,00:00,14.3306,9.0,17.043,10.6964,8.0,7.23139,15.5127,7.33664,5.05,5.98832
160808,08:00,9.34166,15.0,18.5006,10.2788,7.0,8.49917,10.7488,7.005,7.27,3.59121
160808,16:00,10.4859,10.0,7.7416,7.0424,5.0,7.355,9.37989,6.78442,6.79833,4.83936
160809,00:00,15.6118,13.0,30.4357,12.3668,18.0,1.98583,12.7528,9.54993,9.51,6.74524
160809,08:00,8.63488,26.0,21.5305,20.51,12.0,3.61111,14.7616,8.51826,10.87,2.73001
160809,16:00,7.18844,9.0,15.9442,12.68,9.0,1.95278,7.97977,10.0441,9.84667,2.60125
160810,00:00,12.4006,7.0,11.0979,8.8172,7.0,2.95806,12.1645,7.34789,9.09,2.08781
160810,08:00,11.5538,14.0,8.96003,21.6584,2.0,4.05444,8.4102,8.68763,13.8,1.0
160810,16:00,4.96144,10.0,8.57845,8.8172,0.0,4.48278,7.04837,8.50953,4.60556,1.0
160811,00:00,8.07255,13.0,11.0496,9.4436,3.0,6.67611,11.5716,11.3868,10.05,0.54856
160811,08:00,7.93321,6.0,22.1899,11.5316,14.0,4.19861,16.2197,7.69628,6.44,2.70655
160811,16:00,2.31996,3.0,12.9054,5.2676,2.0,2.61139,9.49828,6.27501,5.98875,1.33428
160812,00:00,18.0253,8.0,16.7009,9.6524,11.0,5.65722,16.9052,,9.8,6.09897
160812,08:00,11.4532,12.0,24.0762,9.1304,22.0,9.45972,14.5728,7.61258,13.58,3.62481
160812,16:00,6.44637,9.0,11.9051,7.5644,4.0,8.90722,8.5862,9.81451,10.3423,3.34626
160813,00:00,6.783,18.0,31.8386,15.4988,9.0,9.40667,14.2718,13.0396,9.09,1.61765
160813,08:00,2.37189,14.0,18.8943,19.466,12.0,4.77472,14.3304,19.0162,10.31,
160813,16:00,4.05101,9.0,8.66352,14.0372,16.0,9.45139,8.38473,10.0975,4.71758,
160814,00:00,10.8228,11.0,23.312,17.2736,9.0,5.14889,10.7155,9.30382,11.05,
160814,08:00,10.8534,14.0,13.6991,18.422,18.0,1.64111,8.73752,8.39079,12.92,
160814,16:00,4.87407,7.0,15.7024,6.8336,2.0,2.48639,14.7567,7.02615,5.48222,3.42592
160815,00:00,10.9239,4.0,26.38,8.2952,6.0,5.51139,7.85888,8.71639,7.51,2.14228
160815,08:00,9.23883,7.0,13.925,4.6412,5.0,6.00333,7.72178,,3.87,6.00614
160815,16:00,4.95789,3.0,7.4375,6.6248,,2.95167,7.82712,,1.87833,5.57041
160816,00:00,9.52796,7.0,13.29,6.416,4.0,7.88083,18.6608,,2.19,9.14342
160816,08:00,5.71812,10.0,23.91,13.3064,4.0,6.13333,12.0982,,8.34,13.2104
160816,16:00,8.6962,8.0,11.86,7.6688,0.0,4.22639,13.2937,3.03759,3.98636,6.8506
160817,00:00,14.6916,11.0,33.2093,10.1744,2.0,4.76056,16.504,4.55976,3.27,1.87923
160817,08:00,7.33332,13.0,27.2147,11.636,23.0,5.19444,8.93732,7.35852,5.32,7.61841
160817,16:00,6.17857,5.0,19.5693,7.3556,9.0,6.15472,9.77165,4.98404,4.00872,2.31033
160818,00:00,11.9233,16.0,30.844,7.2512,5.0,4.88917,23.1,5.89289,6.7,8.86628
160818,08:00,12.7895,13.0,35.5693,14.8724,10.0,4.625,15.1914,8.8979,12.31,6.56439
160818,16:00,10.326,15.0,10.564,12.3668,6.0,5.89361,9.6521,5.04349,8.61011,1.63344
160819,00:00,10.0436,16.0,33.3773,16.856,12.0,4.76056,15.7516,12.3262,11.92,7.08386
160819,08:00,15.5573,24.0,40.3347,22.598,9.0,6.7475,15.3336,15.5886,22.69,7.27922
160819,16:00,6.72007,16.0,10.2387,12.158,8.0,12.9469,11.2706,4.81441,11.2944,4.05858
160820,00:00,23.9827,23.0,44.5853,27.1916,5.0,7.50306,23.4344,16.6786,20.06,11.456
160820,08:00,13.8394,26.0,40.556,29.8016,15.0,10.6136,18.0171,18.1818,23.36,16.7414
160820,16:00,9.28677,17.0,15.4812,9.026,9.0,10.8367,12.5748,8.70187,11.7565,5.35837
160821,00:00,10.2914,28.0,48.0093,22.2848,18.0,16.7306,24.5128,16.5378,15.63,5.18099
160821,08:00,12.6849,20.0,45.4098,23.12,12.0,21.9267,14.0796,19.5952,17.35,1.02
160821,16:00,4.44962,27.0,13.6702,18.0044,18.0,6.89028,,14.6428,6.81233,8.17616
160822,00:00,9.90702,9.0,26.4524,27.6092,11.0,3.195,12.5998,15.9359,13.56,4.42828
160822,08:00,8.42452,18.0,33.8649,14.0372,12.0,19.2683,12.7169,4.36661,15.01,10.654
160822,16:00,6.90634,2.0,26.8796,12.9932,7.0,10.3344,11.9143,13.5152,6.6825,4.43785
160823,00:00,14.0133,17.0,18.2938,25.3124,1.0,7.26,17.2982,12.1768,11.03,14.5728
160823,08:00,11.525,16.0,39.8951,29.1752,9.0,9.26583,24.3289,12.9409,16.31,3.25603
160823,16:00,9.41043,12.0,10.088,11.114,3.0,2.95667,13.0011,12.4951,11.9627,7.20735
160824,00:00,15.0638,20.0,18.2529,18.5264,15.0,2.64389,16.4954,5.87195,13.76,6.91031
160824,08:00,11.114,11.0,33.1969,19.1528,2.0,7.18778,17.3829,7.81518,11.14,8.32852
160824,16:00,2.89765,6.0,15.7613,8.2952,9.0,5.51167,12.2034,8.25972,4.37567,8.63951
160825,00:00,14.2779,11.0,22.0347,13.0976,7.0,7.08917,16.4591,9.47521,9.35,7.89911
160825,08:00,9.02687,12.0,34.824,15.29,13.0,9.12528,14.5809,24.1145,10.44,13.3499
160825,16:00,2.80987,5.0,8.45422,7.5644,8.0,5.11889,,10.0597,5.653,6.85068
160826,00:00,10.5003,9.0,50.0729,14.9768,15.0,9.56167,,14.7124,11.51,7.39688
160826,08:00,19.0902,10.0,41.832,18.944,10.0,10.0881,,11.2707,13.83,14.2108
160826,16:00,5.24272,18.0,13.2827,7.6688,5.0,5.43722,12.2738,13.8094,11.3208,7.00174
160827,00:00,12.0868,14.0,37.1236,13.5152,11.0,18.3483,17.9001,11.2638,18.03,11.9625
160827,08:00,12.3003,20.0,34.5667,20.3012,12.0,28.0633,8.93816,15.8411,23.41,16.5835
160827,16:00,3.54198,15.0,13.0444,9.9656,6.0,2.88167,10.407,9.9666,13.6457,6.74447
160828,00:00,20.7052,21.0,46.5458,29.2796,26.0,4.32111,30.1391,13.1896,23.42,6.07009
160828,08:00,18.2719,20.0,40.2209,23.4332,23.0,0.89583,16.0943,9.05155,19.73,10.7622
160828,16:00,18.0492,19.0,12.1573,10.9052,9.0,11.4144,9.98316,17.375,15.2192,14.5666
160829,00:00,19.6955,18.0,29.7698,16.0208,17.0,13.3778,15.668,20.3054,22.65,3.24312
160829,08:00,8.78406,25.0,27.9356,23.9552,12.0,6.73917,21.2357,25.9372,22.17,5.37699
160829,16:00,14.8048,1.0,32.2062,15.29,27.0,4.08028,12.4076,8.66291,11.7155,7.26512
160830,00:00,6.53782,9.0,29.168,8.8172,16.0,3.77222,15.1413,7.1561,12.13,1.78012
160830,08:00,6.15826,2.0,27.0324,13.0976,0.0,,6.87491,4.49415,10.89,5.24654
160830,16:00,3.87316,3.0,4.736,7.46,8.0,,5.66522,8.53296,4.50517,6.75885
160831,00:00,15.5725,8.0,13.3222,9.8612,3.0,,11.7722,10.8013,15.74,11.3463
160831,08:00,17.4809,13.0,24.9476,12.5756,8.0,,31.8362,9.59128,42.58,12.2057
160831,16:00,8.14136,13.0,10.743,13.4108,11.0,,12.2236,9.23195,12.2889,6.28207
160901,00:00,13.7152,10.0,26.6601,15.3944,11.0,,20.7174,9.8997,24.06,9.2526
160901,08:00,25.6889,16.0,45.3763,24.4772,11.0,,24.9245,15.7616,23.08,8.51043
160901,16:00,6.24313,9.0,9.87039,8.7128,3.0,9.50534,11.2228,10.6716,13.7286,13.3126
160902,00:00,16.3698,17.0,42.4612,25.5212,13.0,9.65361,16.6638,12.9859,18.24,15.0854
160902,08:00,15.4841,25.0,45.1309,26.6696,12.0,11.4361,32.8214,18.5932,26.47,8.15511
160902,16:00,8.88591,13.0,18.2519,15.9164,7.0,6.21944,14.6138,11.1817,,3.60748
160903,00:00,17.0316,28.0,51.2742,19.466,23.0,7.42,25.4595,11.8135,37.85,11.5299
160903,08:00,22.0431,16.0,55.8684,14.6636,17.0,7.50167,30.6798,10.1055,33.09,13.5441
160903,16:00,6.45374,11.0,18.1427,13.0976,9.0,6.72806,10.9872,10.9829,10.5022,2.42453
160904,00:00,16.1569,35.0,61.8991,32.8292,13.0,5.17417,24.0391,22.7924,23.23,9.48259
160904,08:00,11.5518,20.0,46.5444,18.422,22.0,6.25694,15.7054,14.2899,28.17,2.4625
160904,16:00,4.97153,12.0,8.46222,10.592,17.0,4.15833,8.65341,9.13932,11.824,5.63857
160905,00:00,6.38433,,13.276,12.2624,8.0,3.70361,7.82534,7.02549,13.47,2.95206
160905,08:00,3.73436,,11.4987,22.1804,5.0,6.2275,6.81068,5.11272,11.71,3.97166
160905,16:00,1.47732,10.0,13.728,10.9052,,3.41389,9.08439,5.03467,4.41194,4.0129
160906,00:00,7.80245,5.0,3.62133,5.372,6.0,5.07028,7.00533,7.6319,14.16,5.78825
160906,08:00,11.0487,7.0,15.0671,12.7844,11.0,7.20806,6.52791,5.61147,10.48,16.2415
160906,16:00,6.05836,13.0,26.0609,7.2512,3.0,9.56417,11.9882,5.86753,2.71233,4.92233
160907,00:00,5.66001,14.0,31.0409,11.5316,5.0,7.40528,26.8433,10.7298,18.03,9.93545
160907,08:00,13.8298,19.0,42.4876,19.466,20.0,2.63306,20.1763,10.6794,64.42,15.401
160907,16:00,17.632,8.0,28.1084,9.6524,4.0,5.76528,15.589,8.72669,13.7968,8.6937
160908,00:00,26.1874,20.0,41.5809,20.4056,12.0,10.4533,29.8245,17.3292,13.28,12.1474
160908,08:00,28.3129,34.0,41.436,33.56,29.0,14.1936,20.7696,20.0215,41.65,21.4574
160908,16:00,11.6477,23.0,18.9329,19.2572,73.0,16.7094,16.8923,11.243,20.47,19.0251
160909,00:00,12.7596,38.0,46.0698,32.3072,26.0,10.5844,29.0726,14.0583,44.9417,18.0237
160909,08:00,17.2095,26.0,47.7738,40.0328,12.0,19.2106,19.4664,19.2103,44.85,19.7744
160909,16:00,12.3742,17.0,17.9222,15.7076,28.0,20.2614,9.51118,21.0175,14.07,21.5942
160910,00:00,25.6736,,48.5498,26.9828,27.0,21.6844,32.7289,31.3939,39.3683,29.4479
160910,08:00,24.0458,34.0,53.6836,39.9284,35.0,14.1842,25.6643,19.8345,71.06,17.2272
160910,16:00,14.3409,20.0,23.7053,15.812,23.0,15.9253,22.4337,20.5851,12.4,8.24279
160911,00:00,22.5044,31.0,61.5027,31.0544,25.0,14.5017,30.1709,18.7932,34.3227,13.8535
160911,08:00,31.1029,31.0,62.8778,46.7144,28.0,12.2675,39.9155,12.5815,,13.541
160911,16:00,13.1675,22.0,20.7489,15.29,20.0,15.5742,18.1214,24.4813,,17.0514
160912,00:00,26.3409,,41.3649,30.8456,35.0,14.4478,28.4865,27.5087,51.6597,13.5852
160912,08:00,35.4652,43.0,48.9133,33.6644,44.0,21.7478,33.0322,31.5968,47.55,18.6767
160912,16:00,17.4834,12.0,,13.0976,15.0,10.6867,17.6122,17.9975,,16.572
160913,00:00,27.2755,16.0,35.8851,24.5816,30.0,5.17278,37.9261,25.7345,,29.5182
160913,08:00,39.8611,15.0,54.73,33.1424,28.0,14.1514,35.3016,17.6742,,31.0337
160913,16:00,10.5953,18.0,23.1133,18.6308,3.0,9.52083,22.4646,5.03125,,22.6098
160914,00:00,23.0261,,,13.3064,5.0,3.11361,33.6336,8.43261,,16.9803
160914,08:00,17.501,8.0,69.565,20.8232,11.0,27.0069,32.6388,6.00191,,7.92485
160914,16:00,5.19674,,15.106,11.636,6.0,1.39028,6.4335,6.99647,,2.4571
160915,00:00,18.053,7.0,27.712,12.4712,10.0,5.96833,15.5593,15.7897,,13.9147
160915,08:00,20.6618,18.0,42.751,17.4824,27.0,39.7594,17.2731,20.4131,,13.3147
160915,16:00,9.65552,6.0,23.785,10.9052,5.0,8.33667,18.502,3.33897,,7.96712
160916,00:00,17.2097,16.0,52.072,24.0596,26.0,6.33528,28.5925,10.6864,,11.5586
160916,08:00,35.2187,17.0,81.0627,,21.0,35.1519,28.8266,,,18.7022
160916,16:00,20.3343,24.0,21.6414,11.5316,2.0,11.7233,18.7779,9.06865,,17.6826
160917,00:00,27.6161,16.0,61.0211,16.4384,15.0,4.56889,37.4708,9.50388,,21.1995
160917,08:00,38.1904,17.0,64.7458,17.4824,7.0,8.52639,37.7551,10.41,,11.0956
160917,16:00,16.8637,13.0,34.0501,11.7404,7.0,3.065,,7.41274,,9.58912
160918,00:00,22.9678,5.0,17.9704,11.114,1.0,5.69278,23.7772,8.2673,,6.533
160918,08:00,11.6549,3.0,53.8657,8.2952,10.0,5.54889,8.50762,7.57793,,6.27864
160918,16:00,19.0974,9.0,29.9425,11.3228,5.0,3.87139,30.5488,6.4438,,4.52217
160919,00:00,15.9066,5.0,16.3618,9.6524,21.0,6.59556,19.9901,8.8672,,5.39196
160919,08:00,15.6205,6.0,27.422,14.9768,14.0,14.6983,12.4828,9.57989,,15.6118
160919,16:00,,20.0,31.7373,16.0208,4.0,5.27,17.8081,6.2417,,6.47112
160920,00:00,14.4993,8.0,25.1528,14.9768,21.0,7.82833,20.5502,9.18352,,18.5966
160920,08:00,14.0829,14.0,23.0917,22.8068,22.0,11.7272,11.4044,12.6126,18.1183,18.1091
160920,16:00,14.6925,10.0,13.5779,11.114,8.0,8.66111,7.66577,5.58498,9.9,5.58187
160921,00:00,7.28655,22.0,33.6129,11.4272,22.0,15.9358,20.5084,12.2829,12.72,11.0028
160921,08:00,16.3919,12.0,44.1599,21.9716,8.0,9.55861,24.3,8.64012,15.9367,15.291
160921,16:00,7.18897,,20.5236,12.4712,6.0,12.16,11.4545,8.2028,6.16,4.04714
160922,00:00,27.3821,11.0,20.9422,10.9052,13.0,5.23611,17.1728,10.4711,29.41,11.7501
160922,08:00,13.1952,19.0,42.8228,17.7956,16.0,7.08528,22.5435,13.8198,25.1588,10.6651
160922,16:00,3.90251,9.0,21.755,10.8008,11.0,4.38389,7.56806,4.46478,9.0,16.396
160923,00:00,24.4585,18.0,58.5835,14.1416,26.0,5.49472,35.0326,11.2773,31.23,9.91685
160923,08:00,,22.0,48.4319,24.164,13.0,9.27933,16.2239,13.2287,52.445,19.4263
160923,16:00,14.5129,6.0,13.7846,11.5316,8.0,4.13667,7.12315,14.2398,26.26,10.3026
160924,00:00,25.6825,25.0,51.4859,24.686,10.0,9.77361,38.1962,,47.67,15.1472
160924,08:00,19.9033,25.0,48.668,29.384,26.0,13.0322,19.937,,31.3858,12.8597
160924,16:00,19.7246,4.0,32.5334,12.0536,0.0,4.01389,23.5392,,10.6,7.0854
160925,00:00,63.8351,53.0,46.073,16.5428,10.0,10.8406,40.8061,,29.73,15.3906
160925,08:00,28.766,9.0,25.4273,15.812,1.0,11.2692,41.6567,,26.834,8.07271
160925,16:00,6.9938,5.0,6.98868,9.3392,6.0,7.91444,8.46987,,8.05,10.287
160926,00:00,20.1627,11.0,27.9566,19.466,4.0,9.42222,28.8625,,14.58,17.202
160926,08:00,26.0274,20.0,46.2503,14.0372,18.0,15.2306,18.5253,,18.6343,6.50993
160926,16:00,6.91998,8.0,27.0297,13.724,8.0,7.90972,14.2802,7.08892,9.66,15.4371
160927,00:00,24.5759,14.0,23.8247,23.5376,91.0,14.2072,29.8177,15.871,27.44,18.5527
160927,08:00,33.1485,20.0,49.0569,13.8284,21.0,13.7058,21.5715,28.5327,25.3595,18.8835
160927,16:00,20.3081,8.0,30.5321,12.5756,12.0,7.14417,21.5408,10.2919,19.48,12.9555
160928,00:00,46.8396,21.0,72.2917,27.7136,56.0,10.65,38.4821,20.9163,44.79,17.7293
160928,08:00,38.0713,39.0,57.5938,40.7636,22.0,17.6678,32.3672,21.8041,49.1953,21.1219
160928,16:00,15.0082,24.0,33.2902,46.1924,34.0,10.9972,23.885,29.4545,37.79,4.50127
160929,00:00,6.0201,13.0,39.6627,18.6308,41.0,5.65278,20.3269,10.3942,18.32,11.9418
160929,08:00,12.9417,8.0,20.7696,21.6584,9.0,8.21306,18.109,9.95337,13.6358,14.3396
160929,16:00,4.44754,3.0,11.4789,11.9492,9.0,9.13833,8.21199,6.88643,8.14,3.12234
160930,00:00,7.28295,14.0,25.9758,12.8888,11.0,4.98278,8.55337,8.55621,16.93,4.42716
160930,08:00,12.514,13.0,31.1127,16.334,13.0,4.33167,13.167,9.27101,10.012,4.17873
160930,16:00,12.1427,12.0,9.8154,16.4384,5.0,3.695,5.1348,6.47288,9.16,4.92821
161001,00:00,8.00795,1.0,45.1863,8.7128,15.0,5.76917,14.3171,8.75361,17.43,3.24115
161001,08:00,6.93028,14.0,35.6307,22.4936,14.0,7.16,31.9713,16.114,17.3522,20.1802
161001,16:00,19.4431,17.0,16.9005,23.3288,10.0,11.0147,11.3836,12.9347,12.19,14.1736
161002,00:00,16.668,32.0,63.1089,32.4116,16.0,8.25917,16.2822,16.3172,26.35,7.3054
161002,08:00,9.53073,29.0,44.3367,39.6152,27.0,11.2386,31.6908,21.1468,20.4347,6.13389
161002,16:00,7.77958,7.0,24.5846,13.5152,9.0,3.75694,21.4978,10.6776,10.86,5.57592
161003,00:00,7.2779,17.0,10.9417,21.7628,21.0,18.1033,7.98433,20.2973,20.98,5.88991
161003,08:00,8.96134,11.0,25.777,27.9224,22.0,11.3583,,16.4879,16.5281,9.3082
161003,16:00,7.06242,10.0,12.3836,14.768,22.0,2.21639,13.5546,7.05061,7.71,14.9843
161004,00:00,6.3241,10.0,20.3893,15.9164,10.0,2.46139,10.8939,6.1258,8.84,3.17439
161004,08:00,7.5463,,10.2064,8.1908,12.0,1.77278,,3.62513,3.87042,4.86669
161004,16:00,3.44225,,9.15466,7.8776,4.0,1.07361,,5.22481,1.87,7.18038
161005,00:00,5.96222,2.0,6.53664,5.1632,7.0,3.67778,11.2526,6.1865,5.51,7.07238
161005,08:00,6.67652,3.0,8.40026,9.026,5.0,2.38194,11.8973,3.96282,3.8975,3.34024
161005,16:00,6.77919,7.0,12.17,6.938,4.0,5.79028,14.2852,5.93934,4.5,6.92374
161006,00:00,4.27649,2.0,4.68051,3.4928,4.0,3.57944,6.39284,3.35372,3.54,7.01939
161006,08:00,,3.0,20.3738,8.7128,3.0,5.27222,18.0422,5.9691,1.57353,7.13184
161006,16:00,6.11567,11.0,15.7367,14.4548,8.0,5.32722,9.11359,6.23791,5.16,8.8997
161007,00:00,30.2217,28.0,36.8712,28.9664,17.0,3.70944,45.231,13.4843,7.66,9.74914
161007,08:00,35.9483,35.0,44.9524,25.73,17.0,10.5681,63.2962,14.9305,19.0606,6.84245
161007,16:00,13.6484,11.0,19.0452,15.6032,3.0,4.95083,15.5381,9.10495,12.44,7.22998
161008,00:00,19.1128,5.0,89.2859,18.6308,13.0,1.61333,74.2573,6.56495,9.96,5.42945
161008,08:00,14.1316,6.0,50.8064,14.0372,7.0,5.01417,27.0783,4.44473,7.54844,6.4706
161008,16:00,10.5064,14.0,47.1843,10.592,21.0,8.20194,24.0188,,6.01,6.67259
161009,00:00,21.0426,16.0,60.8663,17.0648,44.0,1.39472,55.8639,,28.58,3.57488
161009,08:00,13.0795,15.0,51.132,19.8836,24.0,6.12778,31.0284,,10.7024,3.09381
161009,16:00,4.25206,28.0,24.403,18.944,29.0,5.39583,19.0932,,3.81,4.46809
161010,00:00,8.80478,20.0,91.6201,18.0044,12.0,19.9669,19.2995,,11.46,6.8283
161010,08:00,10.4227,21.0,38.3583,17.2736,,8.76611,18.9587,,10.7246,7.59964
161010,16:00,5.41739,12.0,20.3002,16.334,6.0,2.95972,12.8099,4.98131,9.56,9.74492
161011,00:00,26.3424,14.0,43.6048,8.2952,11.0,2.83694,24.0531,6.82905,22.08,21.1384
161011,08:00,22.3377,4.0,33.7926,8.2952,18.0,8.26028,34.6036,8.19724,20.0781,6.8986
161011,16:00,13.0719,10.0,21.3053,11.8448,10.0,6.35028,27.0371,9.22671,11.81,12.1077
161012,00:00,11.7381,4.0,16.3709,8.2952,16.0,5.52306,12.1717,11.0983,16.18,11.0827
161012,08:00,7.07159,7.0,16.912,8.504,6.0,7.19083,20.566,8.53167,11.1188,14.1759
161012,16:00,10.3199,12.0,17.0165,14.9768,18.0,10.0883,26.6661,16.2481,10.39,12.6922
161013,00:00,,11.0,10.9083,10.2788,13.0,6.27056,10.7529,10.6081,19.63,15.2342
161013,08:00,,9.0,13.2606,15.0812,16.0,7.43083,12.0018,12.1974,19.111,27.4166
161013,16:00,14.5916,17.0,27.5045,15.6032,14.0,7.2975,27.1723,6.43752,13.04,6.31849
161014,00:00,30.3774,20.0,24.0476,26.5652,41.0,7.67111,22.4301,22.8418,,29.6182
161014,08:00,31.2929,26.0,33.4424,26.6696,34.0,32.0367,26.5978,25.043,,25.3039
161014,16:00,16.5066,22.0,18.2513,16.334,19.0,13.9406,19.9834,13.9944,17.06,14.1579
161015,00:00,22.5109,14.0,28.1946,21.6584,13.0,11.2722,28.4502,18.0841,24.0,21.8714
161015,08:00,29.8559,12.0,22.4451,20.8232,19.0,10.0158,17.8816,16.1768,22.0678,18.65
161015,16:00,23.5921,30.0,23.2835,27.0872,12.0,5.98667,13.7269,15.19,19.24,16.0225
161016,00:00,35.4674,28.0,28.1999,23.0156,12.0,7.89,28.8342,10.1087,,22.5444
161016,08:00,25.372,16.0,17.3325,19.988,20.0,9.53778,16.2314,14.9776,,19.5871
161016,16:00,18.3598,30.0,17.8366,21.4496,13.0,13.5208,19.3609,10.0188,,15.9293
161017,00:00,21.9249,15.0,20.2754,22.1804,37.0,9.08694,16.0468,21.3773,,33.1186
161017,08:00,20.7671,19.0,18.3696,19.466,33.0,12.4817,18.6852,19.4139,,30.6025
161017,16:00,27.6067,23.0,17.5429,17.9,11.0,11.9136,15.6855,12.2492,25.3754,18.2309
161018,00:00,47.4751,21.0,22.3244,22.2848,33.0,10.9186,29.5005,20.4424,34.67,29.0373
161018,08:00,45.1701,26.0,27.5877,,22.0,16.5125,37.5648,18.9541,40.35,28.2738
161018,16:00,20.3171,46.0,29.7284,,17.0,21.0606,21.2498,21.9823,38.272,39.7717
161019,00:00,35.4761,35.0,53.9381,,19.0,13.4647,16.3938,23.9371,63.57,40.6632
161019,08:00,22.8401,23.0,34.5812,,25.0,17.1561,27.6777,28.8603,48.6,18.8017
161019,16:00,13.4519,45.0,29.3977,,20.0,20.5203,20.8069,36.834,27.7188,9.88953
161020,00:00,25.7117,43.0,70.88,,25.0,10.6817,32.8402,16.5918,29.82,17.7711
161020,08:00,28.1857,41.0,39.0203,,24.0,,33.7511,26.9651,25.33,23.072
161020,16:00,12.3466,23.0,23.7785,,24.0,20.3022,22.5936,31.0696,41.1522,18.1085
161021,00:00,20.7952,18.0,27.276,,42.0,11.6253,33.6517,22.7944,29.69,18.9013
161021,08:00,21.0288,31.0,45.7539,,48.0,17.6489,28.676,33.9438,28.73,16.8145
161021,16:00,29.7362,,44.785,25.1036,53.0,30.755,37.0711,34.4307,11.5904,18.3652
161022,00:00,38.6782,,56.8329,19.988,46.0,6.23389,51.8419,17.0629,28.63,25.6344
161022,08:00,34.7184,,32.9766,17.4824,41.0,7.52556,33.7043,14.4474,,23.2164
161022,16:00,14.4949,,25.8055,20.8232,11.0,9.21806,12.1553,10.2204,,14.1786
161023,00:00,49.8606,,64.1857,42.1208,13.0,10.8739,67.4933,13.2897,53.32,24.064
161023,08:00,37.0632,,51.6537,25.9388,24.0,13.0075,19.1048,21.4579,54.83,16.9514
161023,16:00,22.2443,,15.0461,33.8732,21.0,23.2942,11.5257,35.3743,31.4972,23.3504
161024,00:00,33.4197,,40.5658,20.4056,21.0,8.73889,27.5273,15.1272,46.61,44.697
161024,08:00,44.8045,,32.8297,28.0268,37.0,9.71417,26.0696,15.0761,37.69,40.1643
161024,16:00,24.7507,36.0,26.9392,29.2796,30.0,14.2297,32.8794,23.1123,31.5641,39.6479
161025,00:00,39.3963,39.0,76.6821,31.6808,19.0,13.2106,46.3711,20.8298,55.35,46.6067
161025,08:00,37.2237,42.0,54.9982,28.9664,18.0,7.56111,40.4463,14.4231,40.13,35.4832
161025,16:00,17.2508,30.0,44.2549,31.994,16.0,9.15917,28.7027,6.83651,21.4538,25.893
161026,00:00,30.0812,31.0,24.9187,26.252,13.0,3.00972,25.5226,11.4515,49.43,14.5811
161026,08:00,32.3642,23.0,37.5436,19.8836,2.0,11.3839,24.3789,8.87961,22.29,17.7745
161026,16:00,11.0049,13.0,23.9345,14.3504,9.0,6.57833,12.9949,5.09241,20.91,13.3422
161027,00:00,29.1724,20.0,,23.2244,12.0,11.7544,34.1492,27.0649,36.343,17.7635
161027,08:00,33.2904,35.0,34.6078,31.994,21.0,12.7161,28.4366,20.5026,45.92,27.9598
161027,16:00,23.0153,35.0,31.4704,19.0484,,12.7169,28.3717,14.0203,33.94,37.8881
161028,00:00,39.6254,36.0,119.25,34.9172,,6.53528,62.3256,25.2223,55.4537,32.772
161028,08:00,35.3352,54.0,83.0875,37.9448,,6.06167,73.8648,31.9546,61.71,24.0255
161028,16:00,15.3628,37.0,25.5446,35.648,29.0,4.97194,32.9381,14.0336,28.33,10.0649
161029,00:00,8.52937,10.0,26.6097,6.938,7.0,1.77167,22.9391,8.95938,15.6077,8.61715
161029,08:00,7.97644,7.0,7.90398,8.7128,5.0,6.86833,10.4513,7.11954,7.78,6.0949
161029,16:00,6.03982,14.0,6.36048,5.7896,4.0,2.79861,10.3019,5.80304,4.85,8.0995
161030,00:00,10.4479,11.0,3.49162,13.202,5.0,2.99167,13.3503,8.55768,11.0548,16.8834
161030,08:00,9.88091,8.0,9.62813,11.3228,4.0,7.74139,12.7111,4.29918,11.1,4.9328
161030,16:00,8.18126,12.0,9.68937,6.2072,0.0,3.53917,16.0307,2.63806,10.53,3.47789
161031,00:00,12.2971,10.0,16.0998,7.6688,9.0,4.72278,21.6365,7.00079,12.248,12.2338
161031,08:00,14.6521,16.0,10.7876,7.2512,6.0,10.1642,12.6272,6.3673,20.68,11.709
161031,16:00,18.3527,25.0,18.1882,10.6964,16.0,9.50861,19.2348,10.1206,10.58,11.3835
161101,00:00,13.496,25.0,43.1147,11.4272,8.0,10.4217,26.1002,6.29935,20.981,12.2409
161101,08:00,10.7698,39.0,32.3377,10.592,15.0,1.58139,15.1874,6.4398,15.03,4.72986
161101,16:00,16.9297,33.0,18.3361,21.1364,6.0,6.81722,23.0473,14.2596,7.71,15.0401
161102,00:00,14.4037,12.0,38.1738,19.6748,8.0,2.25972,17.01,4.81541,15.9378,1.0
161102,08:00,4.89444,4.0,11.7848,13.0976,11.0,1.22389,,4.52508,5.79,5.4952
161102,16:00,6.99463,8.0,14.43,9.6524,6.0,3.10028,7.20205,5.92113,2.32,5.76778
161103,00:00,7.24078,4.0,12.3791,9.026,5.0,5.48389,12.9646,2.90699,7.7215,11.777
161103,08:00,6.47526,7.0,11.8351,7.3556,6.0,6.06778,9.06445,3.2475,4.69,7.03412
161103,16:00,7.68224,20.0,8.97516,8.504,6.0,5.38583,10.7484,5.91465,5.51,5.62172
161104,00:00,26.7721,14.0,55.8865,15.0812,11.0,7.34694,50.1571,6.91969,15.5225,7.70875
161104,08:00,20.3837,27.0,37.3662,18.944,17.0,6.67639,28.5586,10.7843,24.31,15.9049
161104,16:00,20.4859,26.0,29.9654,19.3616,30.0,15.1133,11.9936,13.3783,23.22,17.8745
161105,00:00,39.8434,45.0,58.9606,38.9888,29.0,14.3403,41.3471,20.1163,25.6632,19.7952
161105,08:00,24.9179,32.0,34.1197,31.6808,32.0,12.7225,39.7574,35.4099,31.51,19.8292
161105,16:00,41.6253,37.0,45.8965,30.7412,25.0,20.0875,25.8305,24.6286,25.56,29.7299
161106,00:00,33.6133,33.0,36.4756,28.5488,21.0,11.7578,30.965,21.5047,37.9402,18.1978
161106,08:00,23.8561,32.0,46.8813,35.0216,24.0,14.1014,16.1664,23.1762,37.52,15.7611
161106,16:00,24.905,36.0,32.8503,26.1476,37.0,5.1325,22.7302,14.6087,27.47,17.9969
161107,00:00,23.2145,29.0,31.4545,25.8344,54.0,7.47972,18.1904,33.2361,58.6418,23.7183
161107,08:00,22.7509,31.0,20.9056,32.3072,35.0,4.65139,23.7817,19.7409,48.46,10.3539
161107,16:00,14.5909,33.0,39.4674,31.7852,27.0,11.7753,17.2331,7.25458,15.83,14.8123
161108,00:00,16.4957,22.0,40.8091,24.0596,18.0,8.90167,33.0833,4.43802,18.0022,14.3996
161108,08:00,16.9478,34.0,44.7697,28.0268,12.0,10.3125,33.2974,6.85322,26.76,18.0113
161108,16:00,25.4209,28.0,32.5837,23.12,33.0,9.37194,17.0163,8.94872,29.64,12.9606
161109,00:00,143.73,41.0,62.2267,66.6548,95.0,16.6267,76.2169,37.5143,48.4414,7.79717
161109,08:00,51.9613,43.0,81.204,34.1864,,16.5531,74.9298,31.8037,46.02,6.0661
161109,16:00,24.1907,52.0,103.295,21.032,0.0,21.4556,90.9347,23.1554,14.82,9.78366
161110,00:00,43.7327,28.0,67.9074,20.4056,15.0,27.4814,135.001,14.8792,71.8048,28.7091
161110,08:00,80.8286,52.0,82.5597,33.9776,,11.0314,56.1041,18.0643,110.81,33.2468
161110,16:00,67.0878,61.0,35.9574,38.78,,11.3403,37.6279,33.4618,69.24,28.7514
161111,00:00,67.3159,52.0,12.5249,39.6152,,23.0167,10.8974,31.2411,67.6899,95.3761
161111,08:00,58.1694,43.0,23.6279,30.5324,,6.02639,19.3087,15.5049,53.7,57.0318
161111,16:00,41.9559,39.0,39.3843,29.0708,,4.54611,26.5753,11.2563,34.51,33.4392
161112,00:00,42.034,25.0,58.1365,33.6644,,11.2133,44.9084,19.0022,35.7041,70.346
161112,08:00,20.5546,24.0,23.1385,35.9612,,7.60361,17.3522,32.9645,29.61,76.4506
161112,16:00,30.9657,25.0,37.1813,30.8456,,16.6686,33.687,10.3113,30.94,31.733
161113,00:00,69.3872,40.0,30.5733,42.3296,,7.98972,21.0325,33.6095,57.4921,82.6982
161113,08:00,58.2846,46.0,14.9173,46.7144,,8.535,23.1648,19.7241,88.31,47.4757
161113,16:00,36.4,36.0,25.725,22.2848,,6.09194,39.1081,9.20061,33.01,30.9416
161114,00:00,56.8049,20.0,54.626,30.3236,,10.0122,35.4165,10.6036,52.4519,57.3448
161114,08:00,34.4242,41.0,28.0296,16.856,,6.37472,28.354,18.2509,51.66,27.0771
161114,16:00,76.1412,28.0,25.8507,21.4496,,6.78,23.1051,10.5206,68.87,13.2636
161115,00:00,32.9604,51.0,107.503,51.2036,,10.5019,55.481,25.3701,54.2012,13.0465
161115,08:00,44.4921,32.0,100.201,30.428,,13.3589,56.4118,33.9449,36.64,16.9422
161115,16:00,30.6978,64.0,35.4606,48.2804,26.0,10.5781,22.2891,27.1446,36.85,22.6751
161116,00:00,19.622,33.0,12.4637,30.0104,46.0,3.2175,12.8757,23.681,31.49,4.26872
161116,08:00,11.6264,10.0,32.8572,19.5704,25.0,8.59194,5.97956,7.90243,16.94,6.97346
161116,16:00,18.3203,44.0,21.1849,24.8948,14.0,6.74639,14.2969,21.2834,15.91,8.60124
161117,00:00,10.9694,22.0,93.8386,34.9172,29.0,8.24667,9.71982,22.423,24.9807,7.79152
161117,08:00,13.9156,13.0,48.3243,25.6256,22.0,8.40056,13.7201,15.1019,15.59,10.7163
161117,16:00,16.1256,33.0,30.8842,23.0156,23.0,14.0792,21.6036,18.5331,7.9,9.05629
161118,00:00,15.7418,26.0,28.4473,29.6972,38.0,6.41944,23.1334,21.6193,14.9254,5.0906
161118,08:00,19.1634,27.0,63.6888,23.9552,30.0,10.7169,23.9026,24.0186,15.41,5.7765
161118,16:00,33.74,40.0,25.4339,27.296,25.0,14.5517,16.1696,23.7714,15.1,3.28844
161119,00:00,26.0633,41.0,120.054,38.4668,32.0,6.20694,38.5158,23.6719,28.6114,5.03008
161119,08:00,10.6943,37.0,98.6111,35.4392,32.0,5.55667,27.9404,10.4177,16.44,7.47641
161119,16:00,36.9877,51.0,44.8204,35.648,39.0,13.3603,36.5262,30.9482,19.25,8.27686
161120,00:00,14.0294,15.0,8.18037,19.6748,21.0,10.235,12.8256,41.1108,32.6031,14.5953
161120,08:00,16.6485,20.0,18.2037,14.768,9.0,8.17694,23.008,8.48609,12.67,8.87858
161120,16:00,27.18,24.0,38.7411,20.1968,21.0,7.36361,15.668,12.7143,12.31,9.54183
161121,00:00,40.3217,33.0,94.6957,25.1036,10.0,15.8358,14.8905,15.7533,33.6641,7.76346
161121,08:00,30.8724,21.0,29.9605,22.076,18.0,19.2547,18.1258,21.3125,29.43,6.98181
161121,16:00,26.7429,19.0,29.8131,24.164,18.0,19.6608,15.5175,17.773,24.52,15.4041
161122,00:00,23.6517,15.0,63.1459,26.1476,8.0,15.6314,21.1103,17.0511,37.9013,27.8369
161122,08:00,25.7119,22.0,41.3319,22.9112,3.0,15.0242,18.1676,11.5952,28.24,27.913
161122,16:00,22.7563,22.0,44.3018,27.0872,19.0,16.3667,8.14647,19.3468,30.87,28.6711
161123,00:00,62.2218,34.0,78.5138,33.1424,19.0,19.7706,36.0496,17.6376,68.0242,51.6535
161123,08:00,54.5963,36.0,59.2992,33.2468,14.0,21.4183,57.376,22.8048,57.65,43.0505
161123,16:00,42.8995,38.0,60.9332,33.9776,29.0,28.1661,42.3698,28.9549,54.28,33.8569
161124,00:00,78.1391,58.0,137.282,62.3744,37.0,11.6736,82.1718,46.0067,108.159,23.7646
161124,08:00,51.3727,66.0,97.3979,54.3356,27.0,12.5639,66.8479,40.2424,64.93,12.4617
161124,16:00,53.6847,54.0,106.993,51.308,41.0,13.5397,57.2255,6.86685,30.11,7.6477
161125,00:00,32.6708,31.0,171.165,46.9232,54.0,14.6772,61.2383,50.1105,59.5711,55.9327
161125,08:00,28.5883,44.0,39.5234,37.0052,33.0,14.8803,26.8954,19.1711,42.06,14.4947
161125,16:00,25.1,36.0,43.349,40.868,10.0,14.9533,65.4936,15.6962,62.65,13.3796
161126,00:00,35.6761,45.0,64.6135,38.1536,28.0,3.6025,51.669,19.1983,69.5666,18.7351
161126,08:00,21.2759,16.0,51.8766,32.516,35.0,3.59583,26.0049,22.9025,37.1,0.78086
161126,16:00,46.5631,62.0,68.1506,43.478,28.0,5.28972,109.778,14.1395,27.05,9.786
161127,00:00,33.5972,46.0,84.4549,51.9344,37.0,4.98611,41.4022,10.6993,29.01,7.78234
161127,08:00,11.3,14.0,31.5224,25.4168,23.0,6.18833,17.4402,6.8307,17.14,3.89293
161127,16:00,12.2189,17.0,16.4561,6.938,8.0,1.76806,18.592,2.56347,9.18,4.80219
161128,00:00,6.79064,14.0,13.6461,6.8336,3.0,3.03833,16.0486,3.78914,10.3936,5.70283
161128,08:00,5.03545,4.0,8.43364,8.7128,5.0,3.50889,10.6768,4.83215,7.96,9.08815
161128,16:00,11.0629,17.0,21.1657,12.3668,10.0,3.86222,31.0734,5.64647,10.2,5.46578
161129,00:00,12.2003,36.0,14.6879,28.34,17.0,3.20611,26.9097,8.27816,13.784,12.8908
161129,08:00,14.1654,11.0,27.2991,11.636,8.0,6.88861,22.3598,6.29517,10.3,18.6299
161129,16:00,12.9098,32.0,26.5861,33.8732,7.0,14.4319,16.4437,13.2057,11.1,12.0235
161130,00:00,23.3857,25.0,39.958,45.9836,25.0,2.67167,30.0714,18.687,16.4556,7.4786
161130,08:00,20.8991,15.0,44.1828,18.3176,27.0,5.71611,32.1768,10.1371,16.76,11.2546
161130,16:00,14.8125,28.0,28.1875,44.6264,35.0,6.79611,31.1937,19.4612,20.19,16.1883
161201,00:00,11.9351,20.0,24.3509,37.9448,37.0,,37.9424,7.75079,19.5744,10.6293
161201,08:00,13.8202,11.0,19.0378,29.8016,12.0,,19.5408,6.62899,16.48,2.27581
161201,16:00,9.80414,8.0,20.5889,30.8456,20.0,9.46306,28.4312,18.8824,8.4,6.54202
161202,00:00,7.45492,3.0,15.69,28.862,44.0,3.10825,11.2112,13.1038,4.765,0.98851
161202,08:00,7.50059,1.0,5.10556,24.686,16.0,,6.98546,12.596,2.25,6.79617
161202,16:00,5.07927,6.0,21.4906,16.9604,16.0,7.76944,15.691,9.14079,8.67,5.50697
161203,00:00,8.61209,21.0,29.68,12.4712,8.0,3.2164,15.6484,8.0658,11.6645,6.20921
161203,08:00,13.464,10.0,12.9403,6.5204,8.0,10.6458,7.95559,1.86233,9.64,7.72854
161203,16:00,24.8972,35.0,26.0147,13.6196,13.0,,21.9891,9.08997,10.84,12.0599
161204,00:00,35.6392,30.0,50.8869,19.5704,12.0,,79.5895,6.86108,18.8568,23.7333
161204,08:00,26.2261,27.0,44.8572,21.4496,11.0,,74.2925,7.16787,26.0,21.0052
161204,16:00,20.126,54.0,46.0992,35.648,19.0,,51.3586,15.6393,33.04,19.2421
161205,00:00,48.651,48.0,152.003,40.1372,30.0,8.1191,137.431,18.4479,47.0164,15.3442
161205,08:00,55.7609,24.0,161.083,,37.0,,119.214,,34.99,7.22792
161205,16:00,95.7491,82.0,88.43,38.9888,21.0,5.96306,32.3936,11.3075,64.07,8.87649
161206,00:00,41.2105,52.0,51.5925,56.8412,28.0,5.93417,41.0586,15.224,51.9511,18.2002
161206,08:00,26.588,30.0,48.3147,40.2416,7.0,7.37083,47.6333,7.80013,32.98,22.1474
161206,16:00,25.7216,57.0,58.3217,26.252,1.0,6.40556,56.8888,5.62115,34.64,17.7519
161207,00:00,29.8049,58.0,45.3422,31.7852,18.0,9.72806,37.6769,8.76345,43.5139,86.847
161207,08:00,26.1166,15.0,51.0414,48.8024,57.0,10.2853,21.6576,12.2436,21.63,17.6528
161207,16:00,39.4835,42.0,44.5644,39.1976,30.0,9.285,43.8942,18.2913,,24.7641
161208,00:00,24.5098,30.0,111.406,51.5168,42.0,10.8042,23.0657,25.7333,38.07,19.3996
161208,08:00,26.3345,17.0,30.4825,26.8784,33.0,8.89889,24.5322,24.6397,22.14,9.87749
161208,16:00,28.8982,21.0,42.7086,20.8232,31.0,9.76667,41.2136,14.7577,15.7855,10.1778
161209,00:00,27.0,19.0,29.0525,24.3728,20.0,6.74917,31.9568,12.3436,16.49,13.9941
161209,08:00,18.0317,15.0,28.0397,28.1312,16.0,7.58583,31.2613,9.92286,17.61,16.1459
161209,16:00,15.2294,30.0,28.9236,30.6368,21.0,6.86611,34.7773,7.81777,29.3714,10.5459
161210,00:00,16.1931,16.0,30.6772,19.7792,5.0,4.54806,55.6377,10.165,25.19,11.4485
161210,08:00,15.3448,14.0,21.5214,18.5264,12.0,4.94,20.9356,5.87037,31.68,39.8334
161210,16:00,20.0948,22.0,25.6392,31.8896,11.0,8.40333,20.6747,4.85431,26.5929,25.5046
161211,00:00,17.4519,20.0,24.5761,26.0432,3.0,3.90944,37.9474,7.30782,25.28,20.1737
161211,08:00,20.88,15.0,25.7058,28.862,10.0,3.86611,24.2579,6.54215,24.74,8.11055
161211,16:00,5.81352,14.0,14.3353,21.9716,10.0,13.6783,12.7553,,15.8779,12.8391
161212,00:00,6.57073,5.0,10.1789,11.2184,10.0,2.87833,10.1804,,11.66,8.47234
161212,08:00,4.19466,,13.5114,8.0864,0.0,3.76917,15.8959,,12.0,3.42224
161212,16:00,14.0987,7.0,11.4842,15.7076,9.0,6.665,5.15206,2.72037,9.7625,4.33365
161213,00:00,118.805,29.0,23.9831,22.2848,32.0,10.9989,43.0865,37.2312,51.64,41.3584
161213,08:00,51.1041,54.0,77.3061,32.4116,40.0,8.38556,96.6446,15.8965,81.81,14.61
161213,16:00,62.038,77.0,56.6381,46.088,24.0,11.415,20.7457,22.4045,,15.1913
161214,00:00,23.2048,48.0,73.6247,66.0284,53.0,10.0497,18.6226,37.3591,64.23,23.7833
161214,08:00,27.9022,24.0,73.5631,39.7196,53.0,5.4625,24.3302,17.1712,39.67,28.2646
161214,16:00,22.1802,35.0,49.2766,25.1036,25.0,5.54556,75.3674,6.1686,29.2508,18.844
161215,00:00,24.8362,19.0,49.6636,15.7076,27.0,1.595,37.0074,6.70597,28.16,27.7054
161215,08:00,22.9,18.0,23.5947,17.1692,13.0,3.51333,24.3604,6.66074,11.46,15.2176
161215,16:00,17.194,31.0,24.8978,20.6144,18.0,3.22472,29.0063,8.89082,9.42194,12.5863
161216,00:00,22.3,15.0,37.0094,28.7576,170.0,7.10667,77.9982,11.809,17.21,8.74595
161216,08:00,45.9905,29.0,52.7172,61.5392,53.0,9.7275,45.5161,10.8061,18.08,17.5024
161216,16:00,72.6738,50.0,59.6664,40.7636,20.0,19.3936,84.4783,29.9238,33.6889,24.4857
161217,00:00,147.7,81.0,154.376,85.8644,28.0,14.6297,27.1749,41.353,82.46,72.0441
161217,08:00,101.74,73.0,114.164,81.3752,29.0,15.1189,34.0851,32.2349,73.29,51.9028
161217,16:00,141.4,85.0,138.983,43.7912,59.0,18.4158,41.3244,51.7237,61.8478,26.6643
161218,00:00,37.787,41.0,67.805,33.9776,73.0,8.2675,58.3873,23.2981,40.75,21.8522
161218,08:00,36.9864,22.0,34.1278,32.9336,47.0,6.66083,38.5163,19.6768,35.41,23.8797
161218,16:00,28.9095,76.0,70.9253,42.8516,49.0,17.5011,61.1451,24.7715,41.9283,23.843
161219,00:00,54.5466,16.0,88.8878,57.4676,43.0,13.2806,97.5901,35.1192,43.87,27.3328
161219,08:00,35.8123,16.0,78.2592,37.4228,20.0,5.55472,65.701,18.9123,35.39,17.9528
161219,16:00,40.2,40.0,62.4083,26.8784,49.0,7.04667,50.6979,15.6628,45.2186,19.911
161220,00:00,34.0828,26.0,71.0183,41.8076,23.0,6.42694,64.1096,9.63365,51.04,14.6939
161220,08:00,31.0969,16.0,58.5283,30.95,17.0,6.67944,56.1869,10.4173,38.9,18.3902
161220,16:00,50.3003,46.0,76.3714,51.5168,13.0,9.72278,118.054,26.6322,32.69,27.6331
161221,00:00,82.9502,69.0,106.939,25.8344,12.0,13.3322,74.913,15.1516,27.71,35.426
161221,08:00,31.6535,32.0,78.3253,31.7852,22.0,20.1722,81.9241,13.2446,72.88,35.0069
161221,16:00,32.7044,78.0,99.0928,50.3684,29.0,31.7769,25.5056,29.765,54.0369,26.329
161222,00:00,104.191,63.0,127.104,79.1828,49.0,29.8331,30.4372,41.5961,80.46,28.1977
161222,08:00,41.4922,33.0,46.4814,60.0776,69.0,17.1361,30.4596,40.6165,59.41,26.3119
161222,16:00,57.0059,83.0,78.5339,54.2312,74.0,18.8881,35.5018,46.7187,42.7678,29.8696
161223,00:00,71.8118,72.0,66.8639,81.4796,81.0,10.2414,31.265,36.8336,78.56,21.4929
161223,08:00,29.5838,42.0,46.5081,51.0992,37.0,7.79806,34.4678,26.7237,51.09,18.2228
161223,16:00,26.0835,30.0,46.7897,30.428,31.0,9.47,62.1479,14.5328,29.0931,22.1111
161224,00:00,60.5241,39.0,57.5317,44.9396,43.0,3.58528,122.629,26.8015,30.43,18.8312
161224,08:00,29.4337,47.0,56.3917,26.9828,24.0,8.60583,11.5442,16.5034,39.33,16.3988
161224,16:00,22.3032,39.0,69.0564,32.8292,45.0,9.09889,15.607,21.1199,26.5056,10.6847
161225,00:00,10.1325,10.0,25.4631,31.8896,21.0,2.9825,31.6085,17.9325,24.06,10.7241
161225,08:00,8.85428,7.0,6.21389,10.4876,19.0,4.18444,10.6682,,11.19,5.51748
161225,16:00,10.7,23.0,32.9681,22.4936,14.0,7.21944,17.5007,,14.8281,5.2703
161226,00:00,8.7,9.0,11.5558,20.1968,26.0,8.93667,22.9819,,15.09,4.79078
161226,08:00,4.61065,6.0,9.16889,12.5756,12.0,5.03417,9.72484,,5.6,5.66608
161226,16:00,11.0,,15.7408,20.3012,9.0,2.36522,18.1599,,3.40083,6.81024
161227,00:00,7.42857,,7.19472,6.416,7.0,2.67644,8.49197,,3.37,8.59186
161227,08:00,13.8843,1.0,8.58767,7.982,5.0,14.7597,6.83865,3.56873,3.73,10.5729
161227,16:00,16.4455,25.0,20.6147,7.8776,9.0,7.57222,15.691,3.06896,11.8014,10.4106
161228,00:00,14.0064,8.0,8.32633,5.9984,6.0,4.45389,11.9988,5.16741,14.34,18.7161
161228,08:00,11.6272,10.0,10.8313,6.7292,2.0,4.77346,15.7457,5.73452,11.16,13.3253
161228,16:00,15.5466,8.0,14.9633,10.8008,7.0,6.05722,19.5743,4.86201,11.0336,20.5836
161229,00:00,31.7596,16.0,14.8243,9.3392,8.0,13.7861,28.3647,8.60841,36.12,64.2572
161229,08:00,45.5068,29.0,21.1264,19.0484,10.0,18.2658,29.4532,,45.63,10.8557
161229,16:00,34.8662,46.0,31.4967,39.7196,13.0,8.67056,23.7142,25.1492,64.1092,15.0416
161230,00:00,68.4789,61.0,104.825,71.7704,39.0,8.95667,130.749,14.4193,68.85,18.4607
161230,08:00,65.3856,30.0,116.83,40.868,55.0,19.4294,104.678,17.2269,45.8,14.9965
161230,16:00,40.2379,45.0,44.5097,47.5496,41.0,10.7219,29.4467,26.9629,37.9123,12.9623
161231,00:00,111.381,65.0,177.362,59.8688,47.0,7.29583,205.718,30.2713,64.68,21.6384
161231,08:00,123.128,50.0,156.151,44.522,58.0,5.71872,97.9228,27.2083,42.47,27.9224
161231,16:00,35.7203,44.0,87.165,44.3132,40.0,19.4764,91.978,30.2145,27.0678,22.459
170101,00:00,69.1982,29.0,119.915,45.9836,43.0,7.67389,89.8412,27.2749,42.7,24.7752
